접수번호,법인구분,고유번호,회사명,이사회결의일(결정일),사외이사 참석여부(참석),사외이사 참석여부(불참),감사(감사위원)참석 여부,신주의 종류와 수(보통주식),신주의 종류와 수(기타주식),1주당 액면가액,증자전 발행주식총수(보통주식),증자전 발행주식총수(기타주식),신주배정기준일,1주당 신주배정 주식수(보통주식),1주당 신주배정 주식수(기타주식),신주의 배당기산일,신주권교부예정일,신주의 상장 예정일,#N/A
rcept_no,corp_cls,corp_code,corp_name,bddd,od_a_at_t,od_a_at_b,adt_a_atn,nstk_ostk_cnt,nstk_estk_cnt,fv_ps,bfic_tisstk_ostk,bfic_tisstk_estk,nstk_asstd,nstk_ascnt_ps_ostk,nstk_ascnt_ps_estk,nstk_dividrk,nstk_dlprd,nstk_lstprd,회사명
2.01612E+13,Y,123143,보령,2016년 12월 15일,1,-,참석,"410,000",-,"2,500","8,430,000",-,2017년 01월 01일,0.05066289,-,2017년 01월 01일,2017년 01월 25일,2017년 01월 26일,보령
2.01512E+13,Y,123143,보령,2015년 12월 15일,1,-,참석,"390,000",-,"2,500","8,040,000",-,2016년 01월 01일,0.05011244,-,2016년 01월 01일,2016년 01월 28일,2016년 01월 29일,보령
2.01804E+13,Y,121969,에쓰씨엔지니어링,2018년 03월 12일,1,0,참석,"11,255,380",-,500,"11,255,382",-,2018년 03월 29일,1,-,2018년 01월 01일,2018년 04월 26일,2018년 04월 11일,에쓰씨엔지니어링
2.01502E+13,Y,414601,유니퀘스트,2015년 02월 06일,3,-,참석,"13,473,483",-,500,"13,505,483",-,2015년 02월 23일,1,-,2015년 01월 01일,2015년 03월 18일,2015년 03월 19일,유니퀘스트
2.01903E+13,Y,171636,한솔홀딩스,2019년 02월 26일,3,-,참석,"823,808",-,"5,000","46,359,871",-,2019년 05월 15일,0.02,-,2019년 01월 01일,2019년 06월 05일,2019년 06월 07일,한솔홀딩스
2.02006E+13,Y,164724,현대엘리베이터,2020년 06월 18일,3,-,참석,"12,783,667",-,"5,000","25,567,334",-,2020년 07월 03일,0.5,-,2020년 01월 01일,-,2020년 07월 22일,현대엘리베이터
2.02102E+13,K,365590,HLB생명과학,2021년 02월 26일,2,0,참석,"47,090,453",-,500,"47,090,453",-,2021년 03월 16일,1,-,2021년 01월 01일,-,2021년 04월 01일,HLB생명과학
2.01603E+13,K,336817,HLB제약,2016년 03월 28일,1,-,참석,"3,776,672",-,500,"7,553,345",-,2016년 04월 14일,0.5,-,2016년 01월 01일,2016년 05월 10일,2016년 05월 11일,HLB제약
2.02303E+13,K,552859,HLB테라퓨틱스,2023년 02월 28일,2,-,참석,"34,684,900",-,500,"34,994,538",-,2023년 03월 16일,1,-,2023년 01월 01일,-,2023년 04월 11일,HLB테라퓨틱스
2.02308E+13,K,532059,그린생명과학,2023년 08월 22일,3,-,참석,"5,000,000",-,500,"15,000,000",-,2023년 09월 06일,0.3333333,-,2023년 01월 01일,-,2023년 09월 22일,그린생명과학
2.01612E+13,K,876865,네오오토,2016년 12월 12일,1,0,참석,"2,624,963",-,500,"5,250,000",-,2017년 01월 01일,0.5,-,2017년 01월 01일,2017년 01월 17일,2017년 01월 18일,네오오토
2.01608E+13,K,523307,다원시스,2016년 08월 25일,2,-,참석,"7,980,597",-,500,"16,056,572",-,2016년 09월 12일,0.5,-,2016년 01월 01일,2016년 10월 11일,2016년 10월 12일,다원시스
2.02111E+13,K,1344831,딥노이드,2021년 11월 22일,1,1,참석,"4,638,873","43,324",500,"4,638,873","43,324",2021년 12월 07일,1,1,2021년 01월 01일,-,2021년 12월 22일,딥노이드
2.02403E+13,K,1344831,딥노이드,2024년 03월 25일,1,-,참석,"11,210,634","47,260",500,"11,210,634","47,260",2024년 04월 09일,1,1,2024년 01월 01일,-,2024년 05월 03일,딥노이드
2.01612E+13,K,568461,보광산업,2016년 12월 16일,2,-,참석,"11,490,000",-,500,"22,980,000",-,2017년 01월 06일,0.5,-,2017년 01월 01일,2017년 02월 01일,2017년 02월 02일,보광산업
2.01609E+13,K,568461,보광산업,2016년 09월 08일,2,-,참석,"11,490,000",-,500,"11,490,000",-,2016년 09월 30일,1,-,2016년 01월 01일,2016년 10월 24일,2016년 10월 25일,보광산업
2.02111E+13,K,1014657,비즈니스온,2021년 11월 01일,1,0,참석,"11,179,723",-,500,"11,376,440",-,2021년 11월 17일,1,-,2021년 01월 01일,-,2021년 12월 06일,비즈니스온
2.02103E+13,K,1109070,비피도,2021년 03월 16일,1,-,불참,"4,090,000",-,500,"4,090,000",-,2021년 04월 02일,1,-,2021년 01월 01일,-,2021년 04월 23일,비피도
2.02308E+13,K,1526806,삼기이브이,2023년 08월 17일,2,0,참석,"42,897,180",-,100,"14,299,060",-,2023년 09월 01일,3,-,2023년 01월 01일,-,2023년 09월 22일,삼기이브이
2.01511E+13,K,351630,세코닉스,2015년 11월 16일,1,-,참석,"2,387,782",-,500,"8,117,475",-,2015년 12월 02일,0.3,-,2015년 01월 01일,2015년 12월 18일,2015년 12월 21일,세코닉스
2.02206E+13,K,982023,실리콘투,2022년 06월 30일,1,1,참석,"50,147,695",-,500,"10,029,539",-,2022년 07월 15일,5,-,2022년 01월 01일,-,2022년 08월 02일,실리콘투
2.01803E+13,K,545734,아미코젠,2018년 03월 15일,-,-,참석,"9,595,755",-,500,"9,595,755",-,2018년 04월 03일,1,-,2018년 01월 01일,2018년 04월 20일,2018년 04월 23일,아미코젠
2.02207E+13,K,561732,아스플로,2022년 07월 19일,1,-,참석,"8,889,826",-,500,"4,444,913",-,2022년 08월 03일,2,-,2022년 01월 01일,-,2022년 08월 19일,아스플로
2.02103E+13,K,554352,아이큐어,2021년 02월 22일,1,-,참석,"1,483,538",-,500,"7,549,489",-,2021년 03월 09일,0.2,-,2021년 01월 01일,-,2021년 03월 31일,아이큐어
2.02111E+13,K,554352,아이큐어,2021년 11월 19일,1,-,참석,"9,377,291",-,500,"9,514,972",-,2021년 12월 07일,1,-,2021년 01월 01일,-,2021년 12월 27일,아이큐어
2.02111E+13,K,1309795,알로이스,2021년 11월 17일,-,1,불참,"17,291,804",-,100,"17,329,414",-,2021년 12월 03일,1,-,2021년 01월 01일,-,2021년 12월 23일,알로이스
2.01503E+13,K,137915,에스엠코어,2015년 03월 06일,-,1,불참,"365,020",-,500,"7,300,409",-,2015년 03월 31일,0.05,-,2015년 01월 01일,2015년 04월 21일,2015년 04월 22일,에스엠코어
2.01505E+13,K,137915,에스엠코어,2015년 05월 20일,-,1,불참,"7,664,316",-,500,"7,665,429",-,2015년 06월 08일,1,-,2015년 01월 01일,2015년 06월 29일,2015년 06월 30일,에스엠코어
2.01607E+13,K,535481,에스와이,2016년 07월 12일,1,-,참석,"5,950,000",-,500,"6,200,000",-,2016년 07월 28일,1,-,2016년 01월 01일,2016년 08월 19일,2016년 08월 22일,에스와이
2.02006E+13,K,1222432,에스제이그룹,2020년 06월 15일,1,-,불참,"6,571,228",-,500,"3,294,600",-,2020년 06월 30일,2,-,2020년 01월 01일,-,2020년 07월 20일,에스제이그룹
2.01611E+13,K,620558,에이비프로바이오,2016년 11월 29일,2,-,참석,"244,982,150",-,100,"122,491,075",-,2016년 12월 15일,2,-,2016년 01월 01일,2017년 01월 05일,2017년 01월 06일,에이비프로바이오
2.01511E+13,K,620558,에이비프로바이오,2015년 11월 18일,1,-,참석,"11,548,800",-,500,"11,548,800",-,2015년 12월 03일,1,-,2015년 01월 01일,2015년 12월 23일,2015년 12월 24일,에이비프로바이오
2.01503E+13,K,925295,에프엔씨엔터,2015년 03월 05일,2,-,참석,"6,302,915","14,400",500,"6,302,915","14,400",2015년 03월 20일,1,1,2015년 01월 01일,2015년 04월 09일,2015년 04월 10일,에프엔씨엔터
2.02202E+13,K,877174,엠브레인,2022년 02월 09일,1,0,불참,"8,968,459",-,500,"8,968,459",-,2022년 02월 25일,1,-,2021년 07월 01일,-,2022년 03월 17일,엠브레인
2.02006E+13,K,602172,와이엠티,2020년 06월 11일,1,-,참석,"7,405,200",-,500,"7,405,200",-,2020년 08월 01일,1,-,2020년 01월 01일,2020년 08월 20일,2020년 08월 20일,와이엠티
2.01712E+13,K,602172,와이엠티,2017년 12월 11일,1,-,참석,"3,702,600",-,500,"3,702,600",-,2018년 01월 01일,1,-,2018년 01월 01일,2018년 01월 18일,2018년 01월 19일,와이엠티
2.02206E+13,K,1459212,원준,2022년 06월 23일,3,-,참석,"10,040,382",-,100,"5,020,191",-,2022년 07월 13일,2,-,2022년 01월 01일,-,2022년 07월 29일,원준
2.02106E+13,K,765851,위더스제약,2021년 05월 27일,1,0,참석,"4,396,207",-,200,"8,792,415",-,2021년 06월 14일,0.5,-,2021년 01월 01일,-,2021년 07월 01일,위더스제약
2.02102E+13,K,374738,위세아이텍,2021년 02월 16일,1,-,참석,"2,122,263",-,500,"4,453,611",-,2021년 03월 04일,0.5,-,2021년 01월 01일,-,2021년 03월 30일,위세아이텍
2.02304E+13,K,1276327,위지윅스튜디오,2023년 04월 14일,2,-,참석,"128,286,663",-,500,"42,762,221",-,2023년 05월 03일,3,-,2023년 01월 01일,-,2023년 05월 26일,위지윅스튜디오
2.01912E+13,K,1276327,위지윅스튜디오,2019년 12월 10일,-,-,불참,"19,143,906",-,500,"9,571,953",-,2020년 01월 03일,2,-,2020년 01월 01일,-,2020년 01월 23일,위지윅스튜디오
2.01512E+13,K,531014,유진테크,2015년 12월 10일,0,1,참석,"543,615",-,500,"22,372,427",-,2016년 01월 01일,0.025,-,2016년 01월 01일,2016년 01월 21일,2016년 01월 22일,유진테크
2.02112E+13,K,1142400,이루다,2021년 12월 14일,1,-,불참,"775,979",-,500,"7,815,060",-,2022년 01월 01일,0.1,-,2022년 01월 01일,-,2022년 01월 25일,이루다
2.02202E+13,K,1142400,이루다,2022년 02월 07일,1,-,참석,"8,697,900",-,500,"8,755,914",-,2022년 02월 24일,1,-,2022년 01월 01일,-,2022년 03월 23일,이루다
2.02204E+13,K,454399,이상네트웍스,2022년 03월 15일,1,-,참석,"985,000",-,500,"9,015,000",-,2022년 03월 31일,0.1104684,-,2022년 01월 01일,-,2022년 04월 25일,이상네트웍스
2.0171E+13,K,819073,인크로스,2017년 10월 31일,1,-,참석,"4,731,391",-,500,"3,154,261",-,2017년 11월 15일,1.5,-,2017년 01월 01일,2017년 12월 01일,2017년 12월 04일,인크로스
2.02206E+13,K,819073,인크로스,2022년 06월 07일,2,1,참석,"4,786,445",-,500,"8,056,777",-,2022년 06월 22일,0.6620585,-,2022년 01월 01일,-,2022년 07월 11일,인크로스
2.01602E+13,K,545929,제넥신,2016년 02월 17일,2,0,참석,"8,464,414","580,306",500,"8,464,414","580,306",2016년 03월 03일,1,1,2016년 01월 01일,2016년 03월 23일,2016년 03월 24일,제넥신
2.02401E+13,K,442570,제우스,2024년 01월 02일,-,1,참석,"20,677,990",-,500,"10,339,000",-,2024년 01월 17일,2,-,2024년 01월 01일,-,2024년 02월 08일,제우스
2.02103E+13,K,361381,제이브이엠,2021년 03월 08일,3,-,참석,"5,758,984",-,500,"6,330,908",-,2021년 03월 31일,1,-,2021년 01월 01일,-,2021년 04월 23일,제이브이엠
2.02401E+13,K,1351080,지아이이노베이션,2024년 01월 04일,5,-,참석,"22,067,300",-,500,"22,070,300",-,2024년 01월 22일,1,-,2024년 01월 01일,-,2024년 02월 15일,지아이이노베이션
2.01712E+13,K,525642,코오롱생명과학,2017년 12월 08일,1,-,참석,"3,801,466",-,500,"7,610,890",-,2018년 01월 01일,0.5,-,2018년 01월 01일,2018년 01월 24일,2018년 01월 25일,코오롱생명과학
2.02401E+13,K,1207761,퀀텀온,2023년 12월 27일,1,1,-,"56,390,020",-,500,"14,097,505",-,-,4,-,2024년 01월 01일,-,-,퀀텀온
2.02212E+13,K,1033591,큐알티,2022년 12월 05일,3,1,참석,"7,969,112",-,500,"3,984,556",-,2022년 12월 20일,2,-,2022년 01월 01일,-,2023년 01월 10일,큐알티
2.02009E+13,K,397191,팬엔터테인먼트,2020년 09월 14일,-,1,불참,"13,504,985",-,500,"13,742,997",-,2020년 09월 29일,1,-,2020년 01월 01일,-,2020년 10월 22일,팬엔터테인먼트
2.01807E+13,K,415868,펩트론,2018년 07월 10일,1,-,참석,"7,663,250",-,500,"7,663,250",-,2018년 07월 26일,1,-,2018년 01월 01일,2018년 08월 09일,2018년 08월 10일,펩트론
2.02209E+13,K,1365825,피에스케이,2022년 09월 05일,2,-,참석,"14,483,357",-,500,"14,483,357",-,2022년 09월 22일,1,-,2022년 01월 01일,-,2022년 10월 20일,피에스케이
2.01904E+13,K,612294,피엔티,2019년 04월 23일,5,2,불참,"8,754,450",-,500,"8,974,977",-,2019년 05월 08일,1,-,2019년 01월 01일,2019년 05월 29일,2019년 05월 30일,피엔티
2.02108E+13,K,1524507,핀텔,2021년 08월 13일,2,-,불참,"6,318,076",-,500,"1,579,519",-,2021년 09월 01일,4,-,2021년 01월 01일,2021년 09월 16일,-,핀텔
2.02109E+13,K,528515,한라IMS,2021년 09월 06일,2,0,참석,"5,872,489",-,500,"11,744,978",-,2021년 09월 23일,0.5,-,2021년 01월 01일,-,2021년 10월 15일,한라IMS
2.02405E+13,K,347062,현대바이오랜드,2024년 05월 02일,3,-,참석,"15,000,000",-,500,"15,000,000",-,2024년 05월 20일,1,-,2024년 01월 01일,-,2024년 06월 13일,현대바이오랜드
2.02401E+13,N,976615,틸론,2024년 01월 30일,2,-,참석,"5,363,645","200,000",500,"5,363,645","200,000",2024년 02월 15일,1,1,2024년 01월 01일,-,2024년 03월 11일,틸론
2.01811E+13,Y,1205851,HD현대일렉트릭,2018년 11월 09일,2,1,참석,"10,151,352",-,"5,000","10,205,783",-,2018년 11월 26일,1,-,2018년 01월 01일,2018년 12월 17일,2018년 12월 18일,HD현대일렉트릭
2.01908E+13,Y,112679,대창단조,2019년 08월 30일,3,-,-,"857,223",-,"5,000","2,000,000",-,2019년 09월 19일,0.4499998,-,2019년 01월 01일,2019년 10월 11일,2019년 10월 11일,대창단조
2.02304E+13,Y,141404,영풍제지,2023년 04월 04일,3,-,참석,"26,500,986",-,500,"19,981,162",-,2023년 04월 20일,1.5,-,2023년 01월 01일,-,2023년 05월 12일,영풍제지
2.01712E+13,Y,145109,유한양행,2017년 12월 13일,3,0,참석,"543,458",-,"5,000","11,665,896","236,188",2018년 01월 01일,0.05,0.05,2018년 01월 01일,2018년 01월 19일,2018년 01월 22일,유한양행
2.01812E+13,Y,145109,유한양행,2018년 12월 12일,3,0,참석,"567,761",-,"5,000","12,209,354","236,188",2019년 01월 01일,0.05,0.05,2019년 01월 01일,2019년 01월 21일,2019년 01월 22일,유한양행
2.01912E+13,Y,145109,유한양행,2019년 12월 10일,3,0,참석,"594,247",-,"5,000","12,777,115","236,188",2020년 01월 01일,0.05,0.05,2020년 01월 01일,-,2020년 01월 22일,유한양행
2.01612E+13,Y,145109,유한양행,2016년 12월 14일,2,0,참석,"513,350",-,"5,000","11,152,546","236,188",2017년 01월 01일,0.05,0.05,2017년 01월 01일,2017년 01월 20일,2017년 01월 23일,유한양행
2.02112E+13,Y,145109,유한양행,2021년 12월 06일,5,0,참석,"3,258,517",-,"1,000","69,972,959","1,180,940",2022년 01월 01일,0.05,0.05,2022년 01월 01일,-,2022년 01월 21일,유한양행
2.02211E+13,Y,145109,유한양행,2022년 11월 22일,5,0,참석,"3,407,181",-,"1,000","73,231,476","1,180,940",2023년 01월 01일,0.05,0.05,2023년 01월 01일,-,2023년 01월 20일,유한양행
2.02012E+13,Y,145109,유한양행,2020년 12월 11일,3,0,참석,"3,116,149",-,"1,000","66,856,810","1,180,940",2021년 01월 01일,0.05,0.05,2021년 01월 01일,-,2021년 01월 22일,유한양행
2.02311E+13,Y,145109,유한양행,2023년 11월 24일,3,1,참석,"3,570,407",-,"1,000","76,638,657","1,180,940",2024년 01월 01일,0.05,0.05,2024년 01월 01일,-,2024년 01월 19일,유한양행
2.01705E+13,K,995993,DXVX,2017년 05월 26일,1,-,참석,"3,569,923",-,500,"2,379,949",-,2017년 06월 12일,1.5,-,2017년 01월 01일,2017년 07월 03일,2017년 07월 04일,DXVX
2.01804E+13,K,995993,DXVX,2018년 04월 13일,-,-,참석,"12,293,272","1,212,120",500,"6,147,372","606,060",2018년 04월 30일,2,2,2018년 01월 01일,2018년 05월 18일,2018년 05월 21일,DXVX
2.02103E+13,K,1182550,EDGC,2021년 03월 03일,2,-,참석,"40,609,344",-,100,"42,934,531",-,2021년 03월 18일,1,-,2021년 01월 01일,-,2021년 04월 12일,EDGC
2.01804E+13,K,657987,KX,2018년 04월 06일,1,-,참석,"7,071,553",-,500,"14,143,106",-,2018년 04월 24일,0.5,-,2018년 01월 01일,2018년 05월 14일,2018년 05월 15일,KX
2.02102E+13,K,657987,KX,2021년 02월 16일,2,1,참석,"22,667,982",-,500,"22,667,982",-,2021년 03월 03일,1,-,2021년 01월 01일,2021년 03월 24일,2021년 03월 24일,KX
2.02212E+13,K,445841,MDS테크,2022년 12월 26일,2,-,참석,"62,195,172",-,200,"20,731,724",-,2023년 01월 10일,3,-,2023년 01월 01일,-,2023년 01월 26일,MDS테크
2.01907E+13,K,671978,그리티,2019년 07월 15일,-,1,불참,"10,073,715",-,500,"10,073,715",-,2019년 08월 02일,1,-,2019년 01월 01일,2019년 08월 23일,2019년 08월 26일,그리티
2.01709E+13,K,377018,기가레인,2017년 09월 22일,1,1,참석,"23,960,268",-,500,"23,960,268",-,2017년 10월 08일,1,-,2017년 01월 01일,2017년 10월 31일,2017년 11월 01일,기가레인
2.01511E+13,K,439965,나노신소재,2015년 11월 11일,1,-,불참,"3,616,111",-,500,"7,232,222",-,2015년 11월 27일,0.5,-,2015년 01월 01일,2015년 12월 16일,2015년 12월 17일,나노신소재
2.02103E+13,K,819374,나무가,2021년 03월 15일,0,1,불참,"6,871,090",-,500,"6,871,090",-,2021년 04월 01일,1,-,2021년 01월 01일,-,2021년 04월 20일,나무가
2.02001E+13,K,819374,나무가,2020년 01월 31일,-,1,불참,"3,434,185",-,500,"3,434,185",-,2020년 02월 17일,1,-,2020년 01월 01일,-,2020년 03월 05일,나무가
2.02101E+13,K,1080252,넥스틴,2020년 12월 14일,1,-,참석,"6,319,600",-,500,"3,159,800",-,2021년 01월 14일,2,-,2021년 01월 01일,-,2021년 01월 27일,넥스틴
2.01612E+13,K,530121,디에스케이,2016년 12월 27일,0,1,불참,"6,500,000",-,500,"6,500,000",-,2017년 01월 31일,1,-,2017년 01월 01일,2017년 02월 22일,2017년 02월 23일,디에스케이
2.0181E+13,K,660121,디에이테크놀로지,2018년 10월 17일,2,-,불참,"41,582,080",-,500,"10,443,512",-,2018년 11월 01일,4,-,2018년 01월 01일,2018년 11월 26일,2018년 11월 27일,디에이테크놀로지
2.01811E+13,K,681373,디지캡,2018년 11월 05일,-,-,참석,"3,375,561",-,500,"3,531,115",-,2018년 11월 20일,1,-,2018년 01월 01일,2018년 12월 07일,2018년 12월 10일,디지캡
2.01501E+13,K,317104,라이온켐텍,2015년 01월 07일,2,-,참석,"5,021,712",-,500,"10,163,425",-,2015년 02월 02일,0.5,-,2015년 01월 01일,2015년 02월 16일,2015년 02월 17일,라이온켐텍
2.02306E+13,K,317104,라이온켐텍,2023년 06월 30일,-,1,불참,"17,950,880",-,500,"17,950,880",-,2023년 07월 20일,1,-,2023년 01월 01일,-,2023년 08월 08일,라이온켐텍
2.01901E+13,K,317104,라이온켐텍,2019년 01월 07일,2,-,참석,"2,972,533",-,500,"15,386,005",-,2019년 02월 01일,0.2,-,2019년 01월 01일,2019년 02월 25일,2019년 02월 26일,라이온켐텍
2.02203E+13,K,808022,메지온,2022년 03월 22일,3,-,참석,"17,828,012",-,500,"8,914,006",-,2022년 04월 06일,2,-,2022년 01월 01일,-,2022년 04월 25일,메지온
2.01801E+13,K,599285,서플러스글로벌,2018년 01월 22일,3,-,참석,"18,494,000",-,100,"18,494,000",-,2018년 02월 08일,1,-,2018년 01월 01일,2018년 02월 27일,2018년 02월 28일,서플러스글로벌
2.01808E+13,K,327819,선익시스템,2018년 08월 14일,1,-,참석,"2,999,295",-,500,"6,000,000",-,2018년 08월 29일,0.5,-,2018년 01월 01일,2018년 09월 17일,2018년 09월 18일,선익시스템
2.01901E+13,K,449254,쎄트렉아이,2019년 01월 29일,2,-,참석,"3,608,497",-,500,"3,659,990",-,2019년 02월 14일,1,-,2019년 01월 01일,2019년 03월 06일,2019년 03월 07일,쎄트렉아이
2.01706E+13,K,612489,아이쓰리시스템,2017년 06월 27일,-,-,참석,"3,339,360",-,500,"3,374,400",-,2017년 07월 17일,1,-,2017년 01월 01일,2017년 08월 04일,2017년 08월 07일,아이쓰리시스템
2.0221E+13,K,1302853,아이씨에이치,2022년 10월 20일,2,-,참석,"11,329,510",-,500,"5,664,755",-,2022년 11월 04일,2,-,2022년 01월 01일,-,2022년 11월 23일,아이씨에이치
2.01504E+13,K,915508,알엔투테크놀로지,2015년 04월 15일,0,0,참석,"2,386,828","331,564",500,"2,386,828","331,564",2015년 04월 30일,1,1,2015년 01월 01일,2015년 05월 19일,2015년 05월 20일,알엔투테크놀로지
2.02201E+13,K,604268,에이프로,2022년 01월 24일,1,-,참석,"7,065,942",-,500,"7,065,942",-,2022년 02월 08일,1,-,2022년 01월 01일,-,2022년 03월 04일,에이프로
2.02401E+13,K,1514698,엑스플러스,2024년 01월 30일,1,-,참석,"56,778,657",-,100,"18,927,000",-,2024년 02월 22일,3,-,2024년 01월 01일,-,2024년 03월 25일,엑스플러스
2.0181E+13,K,1084364,엔지스테크널러지,2018년 10월 15일,-,-,참석,"6,254,360",-,500,"3,127,180",-,2018년 10월 30일,2,-,2018년 01월 01일,2018년 11월 16일,2018년 11월 19일,엔지스테크널러지
2.01712E+13,K,977650,엔케이맥스,2017년 12월 11일,1,-,참석,"11,988,565",-,500,"11,988,565",-,2018년 01월 01일,1,-,2018년 01월 01일,2018년 01월 25일,2018년 01월 26일,엔케이맥스
2.02312E+13,K,977650,엔케이맥스,2023년 12월 06일,-,2,참석,"41,433,988",-,500,"41,435,703",-,2023년 12월 22일,1,-,2023년 01월 01일,-,2024년 01월 12일,엔케이맥스
2.02102E+13,K,415707,엔텔스,2021년 02월 17일,1,-,참석,"3,345,597",-,500,"6,899,227",-,2021년 03월 04일,0.5,-,2021년 01월 01일,-,2021년 03월 26일,엔텔스
2.02109E+13,K,1441611,원티드랩,2021년 09월 27일,-,-,불참,"4,703,068",-,500,"4,703,068",-,2021년 10월 12일,1,-,2021년 01월 01일,-,2021년 10월 28일,원티드랩
2.01808E+13,K,864338,웹스,2018년 08월 27일,-,-,참석,"6,849,238",-,500,"6,849,238",-,2018년 09월 11일,1,-,2018년 01월 01일,2018년 09월 27일,2018년 09월 28일,웹스
2.02403E+13,K,592653,유비벨록스,2024년 03월 19일,-,1,불참,"7,273,465",-,500,"7,456,734",-,2024년 04월 03일,1,-,2024년 01월 01일,-,2024년 05월 03일,유비벨록스
2.0211E+13,K,694942,이미지스,2021년 10월 25일,2,-,참석,"7,659,148",-,500,"7,669,128",-,2021년 11월 12일,1,-,2021년 01월 01일,-,2021년 12월 01일,이미지스
2.01607E+13,K,616290,이엠넷,2016년 07월 27일,2,-,참석,"5,500,000",-,500,"5,500,000",-,2016년 08월 12일,1,-,2016년 01월 01일,2016년 09월 05일,2016년 09월 06일,이엠넷
2.01805E+13,K,616290,이엠넷,2018년 05월 30일,2,-,참석,"11,138,039",-,500,"11,138,039",-,2018년 06월 15일,1,-,2018년 01월 01일,2018년 07월 09일,2018년 07월 10일,이엠넷
2.01812E+13,K,292434,인트론바이오,2018년 12월 18일,-,-,불참,"14,972,283","420,000",500,"15,038,462","420,000",2019년 01월 11일,1,1,2019년 01월 01일,2019년 01월 31일,2019년 02월 01일,인트론바이오
2.01602E+13,K,923826,일월지엠엘,2016년 02월 04일,-,1,참석,"5,080,300",-,500,"5,080,300",0,2016년 02월 19일,1,-,2016년 01월 01일,2016년 03월 07일,2016년 03월 08일,일월지엠엘
2.0151E+13,K,666204,제너셈,2015년 10월 26일,3,-,참석,"4,384,587",-,500,"4,384,587",-,2015년 11월 11일,1,-,2015년 01월 01일,2015년 12월 04일,2015년 12월 07일,제너셈
2.0231E+13,K,958327,지앤비에스 에코,2023년 10월 11일,-,2,불참,"22,518,009",-,500,"7,506,003",-,2023년 10월 27일,3,-,2023년 01월 01일,-,2023년 11월 17일,지앤비에스 에코
2.01612E+13,K,585608,커넥트웨이브,2016년 12월 15일,-,-,참석,"6,449,911",-,500,"6,624,911",-,2017년 01월 01일,1,-,2017년 01월 01일,2017년 01월 18일,2017년 01월 19일,커넥트웨이브
2.02205E+13,K,562245,태웅로직스,2022년 05월 11일,1,-,참석,"18,879,792",-,100,"19,536,792",-,2022년 05월 26일,1,-,2022년 01월 01일,-,2022년 06월 20일,태웅로직스
2.01806E+13,K,926522,테고사이언스,2018년 06월 27일,1,-,참석,"4,037,317",-,500,"4,037,317",-,2018년 07월 12일,1,-,2018년 01월 01일,2018년 07월 26일,2018년 07월 27일,테고사이언스
2.01707E+13,K,1064069,토박스코리아,2017년 07월 18일,2,-,참석,"18,126,241",-,100,"18,126,246",-,2017년 08월 03일,1,-,2017년 01월 01일,2017년 08월 21일,2017년 08월 22일,토박스코리아
2.02211E+13,K,920379,티엘비,2022년 11월 02일,1,0,참석,"4,916,315",-,500,"4,916,315",-,2022년 11월 17일,1,-,2022년 01월 01일,-,2022년 12월 07일,티엘비
2.02312E+13,K,1301252,티이엠씨,2023년 12월 18일,7,-,참석,"10,626,108",-,500,"10,626,114",-,2024년 01월 03일,1,-,2024년 01월 01일,-,2024년 01월 25일,티이엠씨
2.02211E+13,K,604028,피코그램,2022년 11월 07일,2,-,참석,"15,185,415",-,100,"3,132,083",-,2022년 11월 22일,5,-,2022년 01월 01일,-,2022년 12월 07일,피코그램
2.01804E+13,K,367385,효성오앤비,2018년 04월 09일,1,0,불참,"2,690,000",-,500,"5,800,000",-,2018년 04월 24일,0.5,-,2017년 07월 01일,2018년 05월 17일,2018년 05월 18일,효성오앤비
2.01804E+13,K,167031,흥국,2018년 04월 18일,1,-,참석,"6,161,348",-,500,"6,161,348",-,2018년 05월 04일,1,-,2018년 01월 01일,2018년 05월 24일,2018년 05월 25일,흥국
2.02203E+13,Y,1524093,DL이앤씨,2022년 03월 24일,4,-,참석,"19,334,885","2,111,951","5,000","19,358,738","2,113,885",2022년 04월 11일,1,1,2022년 01월 01일,-,2022년 04월 28일,DL이앤씨
2.01609E+13,Y,160232,KSS해운,2016년 09월 19일,4,1,-,"11,592,940",-,500,"11,592,940",-,2016년 10월 05일,1,-,2016년 01월 01일,2016년 10월 20일,2016년 10월 21일,KSS해운
2.01703E+13,Y,508344,SK디앤디,2017년 03월 24일,1,-,참석,"5,385,000",-,"1,000","10,770,000",-,2017년 04월 10일,0.5,-,2017년 01월 01일,2017년 04월 27일,2017년 04월 28일,SK디앤디
2.0211E+13,Y,1267170,SK케미칼,2021년 10월 07일,4,0,-,"5,869,384","656,759","5,000","11,751,396","1,458,670",2021년 10월 22일,0.5,0.5,2020년 12월 31일,-,2021년 11월 09일,SK케미칼
2.02305E+13,Y,117230,TYM,2023년 03월 30일,3,0,참석,"14,580,207",-,"2,500","30,470,749",-,2023년 06월 01일,0.5,-,2023년 01월 01일,-,2023년 06월 16일,TYM
2.01502E+13,Y,111999,대원제약,2015년 02월 16일,2,-,참석,"810,364",-,500,"16,360,638",-,2015년 03월 03일,0.05,-,2015년 01월 01일,2015년 04월 02일,2015년 04월 03일,대원제약
2.01803E+13,Y,111999,대원제약,2018년 02월 01일,3,-,참석,"895,431",-,500,"18,203,175",-,2018년 02월 20일,0.05,-,2018년 01월 01일,2018년 03월 19일,2018년 03월 20일,대원제약
2.02102E+13,Y,111999,대원제약,2021년 02월 04일,2,-,참석,"981,220",-,500,"20,243,603",-,2021년 02월 19일,0.05,-,2021년 01월 01일,-,2021년 03월 19일,대원제약
2.01701E+13,Y,111999,대원제약,2017년 01월 24일,3,-,참석,"521,671",-,500,"17,681,504",-,2017년 02월 08일,0.03,-,2017년 01월 01일,2017년 02월 28일,2017년 03월 02일,대원제약
2.01901E+13,Y,111999,대원제약,2019년 01월 28일,3,-,참석,"564,071",-,500,"19,098,606",-,2019년 02월 12일,0.03,-,2019년 01월 01일,2019년 02월 26일,2019년 02월 27일,대원제약
2.02202E+13,Y,111999,대원제약,2022년 02월 21일,3,-,참석,"618,013",-,500,"21,224,823",-,2022년 03월 08일,0.03,-,2022년 01월 01일,-,2022년 04월 07일,대원제약
2.01602E+13,Y,111999,대원제약,2016년 02월 04일,3,-,참석,"510,502",-,500,"17,171,002",-,2016년 02월 19일,0.03,-,2016년 01월 01일,2016년 03월 10일,2016년 03월 11일,대원제약
2.02002E+13,Y,111999,대원제약,2020년 02월 03일,3,-,참석,"580,926",-,500,"19,662,677",-,2020년 02월 18일,0.03,-,2020년 01월 01일,-,2020년 03월 06일,대원제약
2.01902E+13,Y,115065,동남합성,2019년 02월 13일,1,-,참석,"2,300,866",-,"5,000","1,320,922",-,2019년 03월 05일,1.7418636,-,2019년 01월 01일,2019년 03월 28일,2019년 03월 29일,동남합성
2.02002E+13,Y,146083,일동홀딩스,2020년 02월 14일,2,0,참석,"537,813",-,"1,000","11,002,587",-,2020년 03월 06일,0.05,-,2020년 01월 01일,-,2020년 03월 25일,일동홀딩스
2.01604E+13,Y,911955,잇츠한불,2016년 04월 11일,3,0,참석,"8,735,650",-,500,"8,735,650",-,2016년 04월 27일,1,-,2016년 01월 01일,2016년 05월 16일,2016년 05월 17일,잇츠한불
2.01706E+13,K,318662,CNT85,2017년 06월 21일,-,-,-,"11,512,930",-,500,"11,514,873",-,2017년 07월 07일,1,-,2017년 01월 01일,2017년 07월 27일,2017년 07월 28일,CNT85
2.02306E+13,K,523936,HB솔루션,2023년 06월 28일,3,-,참석,"48,998,217",-,500,"16,332,739",-,2023년 07월 13일,3,-,2023년 01월 01일,-,2023년 08월 04일,HB솔루션
2.02102E+13,K,199252,HLB,2021년 02월 26일,3,-,참석,"52,968,898","3,531",500,"53,102,772","3,657",2021년 03월 16일,1,1,2021년 01월 01일,-,2021년 04월 01일,HLB
2.02307E+13,K,199252,HLB,2023년 07월 19일,3,-,참석,"6,129,729",228,500,"122,799,922","7,188",2023년 08월 03일,0.05,0.05,2023년 01월 01일,-,2023년 08월 21일,HLB
2.01808E+13,K,125965,KH 미래물산,2018년 08월 20일,1,-,불참,"36,072,000",-,500,"9,500,000",-,2018년 09월 05일,4,-,2018년 01월 01일,2018년 09월 27일,2018년 09월 28일,KH 미래물산
2.02103E+13,K,1353024,TS트릴리온,2021년 03월 02일,2,0,참석,"39,894,776",-,100,"50,454,511",-,2021년 03월 17일,0.8,-,2021년 01월 01일,-,2021년 04월 06일,TS트릴리온
2.02206E+13,K,1307335,공구우먼,2022년 06월 14일,2,-,참석,"18,360,500",-,100,"3,672,100",-,2022년 06월 30일,5,-,2022년 01월 01일,-,2022년 07월 18일,공구우먼
2.02012E+13,K,1259232,노바텍,2020년 12월 16일,1,-,참석,"5,021,338",-,500,"5,021,338",-,2021년 01월 01일,1,-,2021년 01월 01일,-,2021년 01월 22일,노바텍
2.02203E+13,K,471068,덕산하이메탈,2022년 03월 30일,1,-,참석,"22,718,501",-,200,"22,718,501",-,2022년 04월 15일,1,-,2022년 01월 01일,-,2022년 05월 04일,덕산하이메탈
2.02111E+13,K,892526,디케이앤디,2021년 11월 11일,1,-,참석,"7,763,202",-,500,"7,763,202",-,2021년 11월 26일,1,-,2021년 01월 01일,-,2021년 12월 20일,디케이앤디
2.02204E+13,K,911229,라온테크,2022년 04월 04일,2,-,불참,"7,403,529",-,500,"4,935,705",-,2022년 04월 20일,1.5,-,2022년 01월 01일,-,2022년 05월 11일,라온테크
2.01706E+13,K,911229,라온테크,2017년 06월 07일,-,-,불참,"1,276,735",-,500,"2,553,470",-,2017년 06월 23일,0.5,-,2017년 01월 01일,2017년 07월 14일,2017년 07월 17일,라온테크
2.01605E+13,K,545114,랩지노믹스,2016년 05월 31일,4,-,참석,"4,253,523",-,500,"4,280,076",-,2016년 06월 16일,1,-,2016년 01월 01일,2016년 07월 11일,2016년 07월 12일,랩지노믹스
2.02307E+13,K,545114,랩지노믹스,2023년 07월 24일,3,-,참석,"37,119,995",-,500,"37,119,995",-,2023년 08월 08일,1,-,2023년 01월 01일,-,2023년 08월 28일,랩지노믹스
2.02203E+13,K,545114,랩지노믹스,2022년 03월 16일,1,0,참석,"22,661,082",-,500,"11,330,541",-,2022년 04월 01일,2,-,2022년 01월 01일,-,2022년 04월 25일,랩지노믹스
2.01701E+13,K,363486,로체시스템즈,2017년 01월 10일,2,-,참석,"5,072,201",-,500,"10,224,402",-,2017년 03월 17일,0.5,-,2017년 01월 01일,2017년 04월 10일,2017년 04월 11일,로체시스템즈
2.01903E+13,K,480048,모다이노칩,2019년 03월 11일,1,-,참석,"39,860,811",-,500,"39,860,811",-,2019년 03월 27일,1,-,2019년 01월 01일,2019년 04월 15일,2019년 04월 16일,모다이노칩
2.02207E+13,K,1423837,모아데이타,2022년 07월 05일,1,-,참석,"27,029,360",-,500,"5,405,872",-,2022년 07월 20일,5,-,2022년 01월 01일,-,2022년 08월 10일,모아데이타
2.02303E+13,K,403793,바이브컴퍼니,2023년 03월 29일,0,1,불참,"6,123,138",-,500,"6,145,674",-,2023년 04월 14일,1,-,2023년 01월 01일,-,2023년 05월 10일,바이브컴퍼니
2.02211E+13,K,636656,바이오플러스,2022년 11월 09일,1,-,참석,"43,448,148","2,072,535",500,"14,482,716","690,845",2022년 11월 24일,3,3,2022년 01월 01일,-,2022년 12월 16일,바이오플러스
2.02101E+13,K,636656,바이오플러스,2021년 01월 19일,-,-,참석,"6,239,500",-,500,"6,239,500",-,2021년 02월 05일,1,-,2021년 01월 01일,2021년 02월 25일,-,바이오플러스
2.01609E+13,K,813389,베셀,2016년 09월 05일,-,-,참석,"5,596,184",-,500,"5,596,184",-,2016년 09월 23일,1,-,2016년 01월 01일,2016년 10월 14일,2016년 10월 17일,베셀
2.02204E+13,K,642897,브레인즈컴퍼니,2022년 04월 19일,2,-,참석,"4,084,487",-,500,"4,123,796",-,2022년 05월 09일,1,-,2022년 01월 01일,-,2022년 05월 30일,브레인즈컴퍼니
2.01503E+13,K,409788,비에이치아이,2015년 03월 27일,-,-,-,"12,920,000",-,500,"13,080,000",-,2015년 04월 13일,1.0189274,-,2015년 01월 01일,2015년 05월 11일,2015년 05월 12일,비에이치아이
2.01804E+13,K,980043,비큐 AI,2018년 04월 16일,1,-,참석,"3,796,576",-,500,"949,144",-,2018년 05월 02일,4,-,2018년 01월 01일,2018년 05월 25일,2018년 05월 28일,비큐 AI
2.02207E+13,K,980043,비큐 AI,2022년 07월 13일,2,-,참석,"25,156,580",-,500,"6,289,145",-,2022년 07월 28일,4,-,2022년 01월 01일,-,2022년 08월 19일,비큐 AI
2.01706E+13,K,478900,빅솔론,2017년 06월 23일,1,1,참석,"9,038,905",0,500,"10,200,000",0,2017년 07월 10일,1,0,2017년 01월 01일,2017년 07월 31일,2017년 08월 01일,빅솔론
2.01906E+13,K,306162,상상인,2019년 06월 17일,-,1,참석,"9,438,840",-,"1,000","46,409,473",-,2019년 07월 05일,0.20568639,-,2019년 01월 01일,2019년 07월 24일,2019년 07월 25일,상상인
2.02304E+13,K,1023318,센코,2023년 04월 28일,1,-,불참,"24,753,732","1,734,105",500,"8,251,244","578,035",2023년 05월 15일,3,3,2023년 01월 01일,-,2023년 06월 02일,센코
2.02111E+13,K,875237,씨앤투스,2021년 11월 25일,2,-,참석,"18,677,768",-,500,"9,599,131",-,2021년 12월 10일,2,-,2021년 01월 01일,-,2021년 12월 29일,씨앤투스
2.02109E+13,K,991298,씨이랩,2021년 09월 01일,2,-,참석,"3,013,642",-,500,"3,013,642",-,2021년 09월 16일,1,-,2021년 01월 01일,-,2021년 10월 08일,씨이랩
2.02302E+13,K,298447,아모텍,2023년 02월 10일,1,0,참석,"4,871,703",-,500,"9,743,406",-,2023년 02월 27일,0.5,-,2023년 01월 01일,-,2023년 03월 16일,아모텍
2.02106E+13,K,138747,아세아텍,2021년 06월 03일,3,-,참석,"5,000,000",-,500,"17,500,000",-,2021년 06월 18일,0.3070123,-,2020년 07월 01일,-,2021년 07월 06일,아세아텍
2.02101E+13,K,1223219,에이에프더블류,2021년 01월 26일,1,-,참석,"10,128,444",-,500,"10,128,444",-,2021년 02월 10일,1,-,2021년 01월 01일,-,2021년 03월 08일,에이에프더블류
2.02207E+13,K,606886,엔지켐생명과학,2022년 07월 27일,1,1,불참,"70,240,065","449,570",500,"14,048,013","89,914",2022년 08월 18일,5,5,2022년 01월 01일,-,2022년 09월 21일,엔지켐생명과학
2.02312E+13,K,226547,오상자이엘,2023년 12월 07일,-,1,참석,"1,234,901",-,500,"17,747,882",-,2024년 01월 01일,0.07,-,2024년 01월 01일,-,2024년 01월 22일,오상자이엘
2.01807E+13,K,870861,와이엠씨,2018년 07월 25일,1,-,참석,"9,727,946",-,500,"9,865,093",-,2018년 08월 09일,1,-,2018년 01월 01일,2018년 08월 30일,2018년 08월 31일,와이엠씨
2.01809E+13,K,623661,원익머트리얼즈,2018년 09월 06일,1,-,참석,"6,304,000",-,500,"6,304,000",-,2018년 10월 01일,1,-,2018년 01월 01일,2018년 10월 17일,2018년 10월 18일,원익머트리얼즈
2.01806E+13,K,1085026,유진테크놀로지,2018년 06월 14일,-,-,불참,"2,000,000","250,000",500,"2,000,000","250,000",2018년 06월 29일,1,1,2018년 01월 01일,2018년 07월 16일,-,유진테크놀로지
2.01912E+13,K,1258710,이노메트리,2019년 12월 10일,-,-,참석,"4,825,108",-,500,"4,825,108",-,2020년 01월 01일,1,-,2020년 01월 01일,-,2020년 01월 21일,이노메트리
2.02405E+13,K,148470,제일일렉트릭,2024년 05월 07일,-,2,불참,"11,110,000",-,500,"11,110,000",-,2024년 05월 22일,1,-,2024년 01월 01일,-,2024년 06월 11일,제일일렉트릭
2.02006E+13,K,1222867,제테마,2020년 06월 11일,-,-,참석,"8,689,257",-,500,"8,689,257",-,2020년 06월 26일,1,-,2020년 01월 01일,-,2020년 07월 10일,제테마
2.02307E+13,K,164618,카나리아바이오,2022년 07월 13일,2,-,참석,"115,195,870",-,100,"57,597,935",-,2023년 07월 27일,2,-,2023년 01월 01일,-,2023년 08월 21일,카나리아바이오
2.01804E+13,K,763473,코스메카코리아,2018년 04월 11일,1,-,참석,"5,340,000",-,500,"5,340,000",-,2018년 04월 26일,1,-,2018년 01월 01일,2018년 05월 17일,2018년 05월 18일,코스메카코리아
2.01503E+13,K,807397,코이즈,2015년 03월 23일,-,-,참석,"3,151,111",-,500,"6,548,048",-,2015년 04월 07일,0.5,-,2015년 01월 01일,2015년 04월 30일,2015년 05월 04일,코이즈
2.01803E+13,K,423177,텔레칩스,2018년 03월 09일,0,1,참석,"2,874,933",-,500,"10,630,978",-,2018년 03월 27일,0.3,-,2018년 01월 01일,2018년 04월 09일,2018년 04월 10일,텔레칩스
2.01907E+13,K,761059,펌텍코리아,2019년 07월 15일,1,1,참석,"10,517,290",-,500,"1,882,710",-,2019년 07월 31일,5.5862507,-,2019년 01월 01일,2019년 08월 21일,2019년 08월 22일,펌텍코리아
2.02007E+13,K,1267958,프로티아,2020년 07월 07일,-,1,참석,"5,048,897","525,810",500,"5,048,897","525,810",2020년 07월 22일,1,1,2020년 01월 01일,-,2020년 08월 21일,프로티아
2.01805E+13,K,660750,하나머티리얼즈,2018년 05월 31일,1,-,참석,"9,605,737",-,500,"9,605,737",-,2018년 06월 15일,1,-,2018년 01월 01일,2018년 07월 09일,2018년 07월 10일,하나머티리얼즈
2.02302E+13,K,977641,하이로닉,2023년 01월 20일,1,-,참석,"1,233,763",-,100,"14,104,020",-,2023년 02월 06일,0.1,-,2023년 01월 01일,2023년 03월 09일,2023년 03월 09일,하이로닉
2.02401E+13,K,977641,하이로닉,2024년 01월 24일,2,-,참석,"2,803,504",-,100,"15,786,859",-,2024년 02월 08일,0.2,-,2024년 01월 01일,2024년 02월 27일,2024년 02월 27일,하이로닉
2.02312E+13,K,409964,하이텍팜,2023년 12월 11일,4,-,참석,"3,544,391",-,500,"7,088,782",-,2024년 01월 01일,0.5,-,2024년 01월 01일,-,2024년 01월 18일,하이텍팜
2.02404E+13,K,1602638,한싹,2024년 04월 15일,1,-,참석,"5,447,652",-,500,"5,447,675",-,2024년 04월 30일,1,-,2024년 01월 01일,-,2024년 05월 24일,한싹
2.01612E+13,K,540429,휴림로봇,2016년 12월 14일,2,0,참석,"9,873,485",-,500,"9,889,945",-,2017년 01월 01일,1,-,2017년 01월 01일,2017년 01월 20일,2017년 01월 23일,휴림로봇
2.01804E+13,K,1159853,휴온스,2018년 04월 26일,-,1,참석,"1,359,803",-,500,"6,808,282",-,2018년 05월 16일,0.2,-,2018년 01월 01일,2018년 06월 07일,2018년 06월 08일,휴온스
2.02006E+13,K,556712,힘스,2020년 06월 10일,0,0,불참,"5,656,118",-,500,"5,656,118",-,2020년 06월 25일,1,-,2020년 01월 01일,-,2020년 07월 14일,힘스
2.02208E+13,N,1575361,세븐브로이맥주,2022년 08월 11일,1,-,불참,"8,903,556",-,500,"2,967,852",-,2022년 09월 01일,3,-,2022년 01월 01일,2022년 09월 22일,-,세븐브로이맥주
2.01812E+13,Y,149947,JW중외제약,2018년 12월 14일,2,-,참석,"391,224","4,956","2,500","19,805,460","1,827,927",2019년 01월 01일,0.02,0.02,2019년 01월 01일,2019년 01월 18일,2019년 01월 21일,JW중외제약
2.02302E+13,Y,149947,JW중외제약,2023년 02월 27일,3,-,참석,"656,955","15,586","2,500","22,178,081","1,589,190",2023년 03월 14일,0.03,0.03,2023년 01월 01일,-,2023년 03월 31일,JW중외제약
2.02012E+13,Y,149947,JW중외제약,2020년 12월 16일,3,-,참석,"619,872","7,779","2,500","20,920,054","1,326,270",2021년 01월 01일,0.03,0.03,2021년 01월 01일,-,2021년 01월 20일,JW중외제약
2.02112E+13,Y,149947,JW중외제약,2021년 12월 15일,3,-,참석,"638,155","8,176","2,500","21,539,926","1,341,021",2022년 01월 01일,0.03,0.03,2022년 01월 01일,-,2022년 01월 20일,JW중외제약
2.01512E+13,Y,149947,JW중외제약,2015년 12월 16일,2,0,참석,"891,744","11,395","2,500","17,850,932","229,173",2016년 01월 01일,0.05,0.05,2016년 01월 01일,2016년 01월 18일,2016년 01월 19일,JW중외제약
2.01712E+13,Y,149947,JW중외제약,2017년 12월 15일,2,0,참석,"382,685","4,864","2,500","19,151,237","2,020,708",2018년 01월 01일,0.02,0.02,2018년 01월 01일,2018년 01월 19일,2018년 01월 22일,JW중외제약
2.01912E+13,Y,149947,JW중외제약,2019년 12월 16일,2,-,참석,"602,032","7,570","2,500","20,318,022","1,318,700",2020년 01월 01일,0.03,0.03,2020년 01월 01일,-,2020년 01월 20일,JW중외제약
2.02312E+13,Y,149947,JW중외제약,2023년 12월 15일,3,-,참석,"450,894","10,683","2,500","22,835,036","1,604,776",2024년 01월 01일,0.02,0.02,2024년 01월 01일,-,2024년 01월 19일,JW중외제약
2.01711E+13,Y,103006,고려제강,2017년 11월 10일,3,0,참석,"2,000,000",-,"1,000","18,000,000",-,2018년 01월 01일,0.111136,-,2018년 01월 01일,2018년 01월 30일,2018년 01월 31일,고려제강
2.02012E+13,Y,103006,고려제강,2020년 12월 10일,5,0,참석,"3,000,000",-,"1,000","20,000,000",-,2021년 01월 01일,0.1500421,-,2021년 01월 01일,-,2021년 01월 29일,고려제강
2.02212E+13,Y,103006,고려제강,2022년 12월 09일,4,0,참석,"2,000,000",-,"1,000","23,000,000",-,2023년 01월 01일,0.0869867,-,2023년 01월 01일,-,2023년 01월 27일,고려제강
2.01712E+13,Y,453488,다이나믹디자인,2017년 12월 05일,3,1,불참,"16,168,076",-,500,"11,882,640",-,2017년 12월 20일,1.4,-,2017년 01월 01일,2018년 01월 08일,2018년 01월 09일,다이나믹디자인
2.02401E+13,Y,1010110,더블유게임즈,2024년 01월 03일,3,-,참석,"3,305,149",-,500,"18,190,757",-,2024년 01월 18일,0.2,-,2024년 01월 01일,-,2024년 02월 14일,더블유게임즈
2.01804E+13,Y,540641,동양고속,2018년 03월 13일,-,-,참석,"516,471",-,"5,000","2,582,874",-,2018년 04월 10일,0.2,-,2018년 01월 01일,2018년 05월 03일,2018년 05월 04일,동양고속
2.01808E+13,Y,119672,두올,2018년 08월 09일,1,1,참석,"8,830,694","2,000,000","2,500","18,235,986","4,000,000",2018년 08월 24일,0.5,0.5,2018년 01월 01일,2018년 09월 12일,2018년 09월 13일,두올
2.01712E+13,Y,121039,명문제약,2017년 12월 20일,4,0,참석,"500,000",-,500,"24,040,000",-,2018년 01월 04일,0.020921778,-,2018년 01월 01일,2018년 01월 23일,2018년 01월 24일,명문제약
2.02308E+13,Y,197759,미래산업,2023년 08월 03일,-,-,참석,"25,340,475",-,500,"5,089,295",-,2023년 08월 18일,5,-,2023년 01월 01일,-,2023년 09월 04일,미래산업
2.01902E+13,Y,121932,미원상사,2019년 02월 27일,3,0,-,"4,259,883",-,"5,000","774,940",-,2019년 04월 01일,5.4970488,-,2019년 01월 01일,2019년 04월 17일,2019년 04월 18일,미원상사
2.01507E+13,Y,159786,유니드,2015년 07월 14일,2,-,참석,"2,304,774",-,"5,000","6,585,069",-,2015년 07월 30일,0.35,-,2015년 01월 01일,2015년 08월 17일,2015년 08월 18일,유니드
2.01812E+13,Y,992871,종근당,2018년 12월 13일,2,0,참석,"491,054",-,"2,500","9,879,236",-,2019년 01월 01일,0.05,-,2019년 01월 01일,2019년 01월 25일,2019년 01월 28일,종근당
2.02112E+13,Y,992871,종근당,2021년 12월 09일,2,0,참석,"561,939",-,"2,500","11,426,099",-,2022년 01월 01일,0.05,-,2022년 01월 01일,-,2022년 01월 25일,종근당
2.01801E+13,Y,992871,종근당,2018년 01월 18일,2,0,참석,"470,186",-,"2,500","9,409,050",-,2018년 02월 06일,0.05,-,2018년 01월 01일,2018년 02월 28일,2018년 03월 02일,종근당
2.01912E+13,Y,992871,종근당,2019년 12월 12일,2,0,참석,"515,395",-,"2,500","10,370,290",-,2020년 01월 01일,0.05,-,2020년 01월 01일,-,2020년 01월 23일,종근당
2.02312E+13,Y,992871,종근당,2023년 12월 14일,2,0,참석,"605,956",-,"2,500","12,568,464",-,2024년 01월 01일,0.05,-,2024년 01월 01일,-,2024년 01월 24일,종근당
2.02212E+13,Y,992871,종근당,2022년 12월 08일,2,0,참석,"580,426",-,"2,500","11,988,038",-,2023년 01월 01일,0.05,-,2023년 01월 01일,-,2023년 01월 25일,종근당
2.02012E+13,Y,992871,종근당,2020년 12월 17일,2,0,참석,"540,414",-,"2,500","10,885,685",-,2021년 01월 01일,0.05,-,2021년 01월 01일,-,2021년 01월 20일,종근당
2.02104E+13,Y,157991,한국석유공업,2021년 02월 25일,1,0,참석,"6,142,120",-,500,"6,552,000",-,2021년 04월 16일,1,-,2021년 01월 01일,-,2021년 05월 07일,한국석유공업
2.01512E+13,Y,828497,한미약품,2015년 12월 09일,2,-,참석,"204,202",-,"2,500","10,230,909",-,2016년 01월 01일,0.02,-,2016년 01월 01일,2016년 01월 18일,2016년 01월 19일,한미약품
2.01912E+13,Y,828497,한미약품,2019년 12월 12일,3,-,참석,"230,845",-,"2,500","11,612,184",-,2020년 01월 01일,0.02,-,2020년 01월 01일,-,2020년 01월 23일,한미약품
2.02012E+13,Y,828497,한미약품,2020년 12월 15일,3,-,참석,"235,253",-,"2,500","11,843,029",-,2021년 01월 01일,0.02,-,2021년 01월 01일,-,2021년 01월 22일,한미약품
2.02212E+13,Y,828497,한미약품,2022년 12월 15일,2,-,참석,"244,187",-,"2,500","12,317,971",-,2023년 01월 01일,0.02,-,2023년 01월 01일,-,2023년 01월 20일,한미약품
2.02312E+13,Y,828497,한미약품,2023년 12월 14일,4,-,참석,"248,833",-,"2,500","12,562,158",-,2024년 01월 01일,0.02,-,2024년 01월 01일,-,2024년 01월 19일,한미약품
2.02112E+13,Y,828497,한미약품,2021년 12월 16일,3,-,참석,"239,689",-,"2,500","12,078,282",-,2022년 01월 01일,0.02,-,2022년 01월 01일,-,2022년 01월 21일,한미약품
2.01701E+13,Y,828497,한미약품,2017년 01월 02일,2,1,참석,"728,341",-,"2,500","10,435,111",-,2017년 02월 16일,0.07,-,2017년 01월 01일,2017년 03월 06일,2017년 03월 07일,한미약품
2.01712E+13,Y,828497,한미약품,2017년 12월 14일,3,0,참석,"222,239",-,"2,500","11,163,452",-,2018년 01월 01일,0.02,-,2018년 01월 01일,2018년 01월 22일,2018년 01월 23일,한미약품
2.01812E+13,Y,828497,한미약품,2018년 12월 13일,3,-,참석,"226,493",-,"2,500","11,385,691",-,2019년 01월 01일,0.02,-,2019년 01월 01일,2019년 01월 22일,2019년 01월 23일,한미약품
2.02303E+13,K,1288827,HPSP,2023년 03월 02일,3,-,참석,"60,869,250",-,500,"20,289,750",-,2023년 03월 17일,3,-,2023년 01월 01일,-,2023년 04월 11일,HPSP
2.01502E+13,K,378628,KH바텍,2015년 02월 26일,1,0,참석,"4,000,000",-,500,"16,000,000",-,2015년 03월 13일,0.257732,-,2015년 01월 01일,2015년 04월 02일,2015년 04월 03일,KH바텍
2.02112E+13,K,1343665,RF머트리얼즈,2021년 12월 02일,1,-,참석,"4,023,848",-,500,"4,023,849",-,2021년 12월 20일,1,-,2021년 01월 01일,-,2022년 01월 06일,RF머트리얼즈
2.02307E+13,K,1021639,나라셀라,2023년 07월 25일,2,-,참석,"6,439,038",-,"5,000","6,439,038",-,2023년 08월 09일,1,-,-,-,2023년 08월 29일,나라셀라
2.02303E+13,K,1437432,디티앤씨알오,2023년 02월 20일,1,-,참석,"6,347,256",-,500,"6,347,256",-,2023년 03월 10일,1,-,2023년 01월 01일,-,2023년 03월 31일,디티앤씨알오
2.02105E+13,K,828761,레이,2021년 05월 20일,1,-,참석,"6,653,267","560,683",500,"6,653,267","560,683",2021년 06월 04일,1,1,2021년 01월 01일,-,2021년 06월 23일,레이
2.02006E+13,K,1267967,마이크로디지탈,2020년 06월 17일,1,-,참석,"3,630,800",-,500,"3,630,800",-,2020년 07월 03일,1,-,2020년 01월 01일,-,2020년 07월 24일,마이크로디지탈
2.02205E+13,K,1267967,마이크로디지탈,2022년 05월 12일,1,-,참석,"7,372,100","347,085",500,"7,372,100","347,085",2022년 05월 27일,1,1,2022년 01월 01일,-,2022년 06월 17일,마이크로디지탈
2.01912E+13,K,340096,미래에셋벤처투자,2019년 12월 11일,1,-,참석,"15,333,608",-,"1,000","30,667,215",-,2020년 01월 01일,0.500000016,-,2020년 01월 01일,-,2020년 01월 20일,미래에셋벤처투자
2.02104E+13,K,1110076,비유테크놀러지,2021년 04월 19일,1,1,참석,"38,578,712",-,100,"19,289,364",-,2021년 05월 04일,2,-,2021년 01월 01일,-,2021년 05월 25일,비유테크놀러지
2.02203E+13,K,838005,서진시스템,2022년 03월 30일,1,-,참석,"18,790,321",-,500,"18,790,321",-,2022년 04월 14일,1,-,2022년 01월 01일,2022년 05월 04일,-,서진시스템
2.01811E+13,K,838005,서진시스템,2018년 11월 29일,1,-,참석,"9,050,333",-,500,"9,050,333",-,2018년 12월 17일,1,-,2018년 01월 01일,2019년 01월 15일,2019년 01월 16일,서진시스템
2.01911E+13,K,913689,세경하이테크,2019년 11월 18일,1,0,참석,"5,817,000",-,500,"5,817,000",-,2019년 12월 03일,1,-,2019년 01월 01일,-,2019년 12월 20일,세경하이테크
2.02311E+13,K,913689,세경하이테크,2023년 11월 15일,2,-,참석,"23,568,562","9,284,300",500,"11,784,281","4,642,150",2023년 11월 30일,2,2,2023년 01월 01일,-,2023년 12월 20일,세경하이테크
2.02403E+13,K,1139965,스튜디오미르,2024년 03월 21일,2,-,참석,"26,293,990",-,100,"5,258,856",-,2024년 04월 08일,5,-,2024년 01월 01일,-,2024년 04월 26일,스튜디오미르
2.02404E+13,K,1146822,아이퀘스트,2024년 04월 04일,1,-,참석,"9,430,000",-,100,"9,860,000",-,2024년 04월 19일,1,-,2024년 01월 01일,-,2024년 05월 13일,아이퀘스트
2.0181E+13,K,405719,아이크래프트,2018년 10월 15일,2,-,참석,"6,553,968",-,500,"8,053,968",-,2018년 10월 30일,1,-,2018년 01월 01일,2018년 11월 20일,2018년 11월 21일,아이크래프트
2.01608E+13,K,620868,아이티센,2016년 07월 25일,1,0,참석,"4,611,966",-,500,"4,611,966",-,2016년 08월 09일,1,-,2016년 01월 01일,2016년 09월 01일,2016년 09월 02일,아이티센
2.02106E+13,K,447007,알리코제약,2021년 06월 01일,1,0,참석,"5,026,646",-,500,"10,300,375",-,2021년 06월 16일,0.5,-,2021년 01월 01일,-,2021년 07월 07일,알리코제약
2.0221E+13,K,989619,알테오젠,2022년 10월 11일,2,-,참석,"8,584,935","149,475",500,"42,933,685","747,382",2022년 10월 26일,0.2,0.2,2022년 01월 01일,-,2022년 11월 14일,알테오젠
2.02007E+13,K,989619,알테오젠,2020년 07월 07일,1,-,참석,"13,995,950",-,500,"13,995,950",-,2020년 07월 24일,1,-,2020년 01월 01일,-,2020년 08월 13일,알테오젠
2.01711E+13,K,989619,알테오젠,2017년 11월 23일,1,-,참석,"6,305,165",-,500,"6,305,165",-,2017년 12월 08일,1,-,2017년 01월 01일,2017년 12월 27일,2017년 12월 28일,알테오젠
2.02103E+13,K,989619,알테오젠,2021년 03월 10일,1,-,참석,"14,041,450","343,005",500,"28,082,900","686,010",2021년 03월 25일,0.5,-,2021년 01월 01일,-,2021년 04월 12일,알테오젠
2.01609E+13,K,957568,에스엘에너지,2016년 08월 17일,1,0,참석,"2,969,835",-,500,"6,155,365",-,2016년 09월 13일,0.5,-,2016년 01월 01일,2016년 10월 04일,2016년 10월 05일,에스엘에너지
2.02107E+13,K,1566248,에코프로에이치엔,2021년 07월 15일,2,-,참석,"11,478,699",-,500,"3,826,233",-,2021년 07월 30일,3,-,2021년 01월 01일,-,2021년 08월 20일,에코프로에이치엔
2.02102E+13,K,670766,엠투아이,2021년 02월 17일,1,-,참석,"8,399,102",-,100,"8,399,102",-,2021년 03월 04일,1,-,2021년 01월 01일,-,2021년 03월 19일,엠투아이
2.0161E+13,K,879020,유니트론텍,2016년 10월 07일,0,1,불참,"6,621,300",-,500,"3,310,650",-,2016년 10월 26일,2,-,2016년 01월 01일,2016년 11월 14일,2016년 11월 15일,유니트론텍
2.02203E+13,K,861720,이즈미디어,2022년 02월 14일,1,-,참석,"6,823,099",-,500,"7,120,100",-,2022년 03월 02일,1,-,2022년 01월 01일,-,2022년 04월 20일,이즈미디어
2.01805E+13,K,661157,인트로메딕,2018년 04월 02일,2,0,불참,"7,652,628",-,500,"7,652,628",-,2018년 05월 11일,1,-,2018년 01월 01일,2018년 05월 28일,2018년 05월 29일,인트로메딕
2.02111E+13,K,1014718,제노코,2021년 11월 15일,2,-,참석,"4,884,280",-,500,"2,442,140",-,2021년 11월 30일,2,-,2021년 01월 01일,-,2021년 12월 20일,제노코
2.02206E+13,K,291860,조광ILI,2022년 06월 15일,1,-,불참,"79,454,445",-,500,"16,277,739",-,2022년 07월 15일,5,-,2022년 01월 01일,-,2022년 08월 05일,조광ILI
2.02012E+13,K,397252,조이시티,2020년 12월 14일,2,-,참석,"29,053,144",-,500,"15,381,441",-,2021년 01월 01일,2,-,2021년 01월 01일,-,2021년 01월 20일,조이시티
2.02112E+13,K,397252,조이시티,2021년 12월 13일,3,1,참석,"22,773,339",-,500,"45,546,679",-,2022년 01월 01일,0.5,-,2022년 01월 01일,-,2022년 01월 20일,조이시티
2.0171E+13,K,626464,지엔씨에너지,2017년 10월 11일,1,0,참석,"8,035,150",-,500,"8,260,678",-,2017년 10월 30일,1,-,2017년 01월 01일,2017년 11월 16일,2017년 11월 17일,지엔씨에너지
2.01807E+13,K,552992,진매트릭스,2018년 07월 06일,-,-,참석,"5,107,637",-,500,"10,215,273",-,2018년 07월 25일,0.5,-,2018년 01월 01일,2018년 08월 13일,2018년 08월 14일,진매트릭스
2.02206E+13,K,668600,케이옥션,2022년 06월 21일,2,-,참석,"18,116,090",-,500,"9,058,045",-,2022년 07월 06일,2,-,2022년 01월 01일,-,2022년 08월 01일,케이옥션
2.02306E+13,K,1436479,토마토시스템,2023년 06월 13일,1,1,참석,"10,162,322",-,500,"5,194,222",-,2023년 06월 28일,2,-,2023년 01월 01일,-,2023년 07월 20일,토마토시스템
2.01604E+13,K,596260,투비소프트,2016년 04월 04일,-,-,불참,"3,182,146",-,500,"10,607,725",-,2016년 05월 04일,0.3,-,2016년 01월 01일,2016년 05월 30일,2016년 05월 31일,투비소프트
2.02102E+13,K,1139035,티에스아이,2021년 02월 22일,1,-,참석,"9,267,115",-,500,"9,267,115",-,2021년 03월 09일,1,-,2021년 01월 01일,-,2021년 03월 30일,티에스아이
2.02306E+13,K,939942,포시에스,2023년 06월 16일,-,2,불참,"18,214,646",-,500,"9,107,323",-,2023년 07월 03일,2,-,2023년 07월 01일,-,2023년 07월 20일,포시에스
2.02006E+13,K,939942,포시에스,2020년 06월 16일,-,2,불참,"380,288",-,500,"7,880,323",-,2020년 07월 01일,0.05,-,2020년 07월 01일,-,2020년 07월 21일,포시에스
2.02206E+13,K,939942,포시에스,2022년 06월 16일,2,-,불참,"433,682",-,500,"8,673,641",-,2022년 07월 01일,0.05,-,2022년 07월 01일,-,2022년 07월 20일,포시에스
2.02106E+13,K,939942,포시에스,2021년 06월 16일,-,2,불참,"413,030",-,500,"8,260,611",-,2021년 07월 01일,0.05,-,2021년 07월 01일,-,2021년 07월 21일,포시에스
2.02208E+13,K,663669,폴라리스우노,2022년 08월 17일,3,-,참석,"44,156,361",-,500,"16,483,544",-,2022년 09월 02일,3,-,2022년 01월 01일,-,2022년 09월 26일,폴라리스우노
2.02005E+13,K,138367,플레이위드,2020년 05월 06일,2,-,불참,"4,253,612",-,500,"4,263,337",-,2020년 05월 21일,1,-,2020년 01월 01일,-,2020년 06월 08일,플레이위드
2.02112E+13,K,1112889,피엔에이치테크,2021년 12월 15일,-,1,참석,"4,566,966",-,500,"4,566,966",-,2022년 01월 01일,1,-,2022년 01월 01일,-,2022년 01월 20일,피엔에이치테크
2.02207E+13,K,1290381,피엔케이피부임상연구센타,2022년 07월 12일,-,1,불참,"22,507,932",-,500,"7,502,644",-,2022년 07월 27일,3,-,2022년 01월 01일,-,2022년 08월 19일,피엔케이피부임상연구센타
2.02104E+13,K,1118281,피플바이오,2021년 04월 28일,-,-,참석,"5,597,470",-,500,"5,647,470",-,2021년 05월 17일,1,-,2021년 01월 01일,-,2021년 06월 04일,피플바이오
2.01911E+13,K,579139,한국맥널티,2019년 11월 28일,-,-,참석,"4,975,000",-,500,"4,975,000",-,2019년 12월 16일,1,-,2019년 01월 01일,-,2020년 01월 06일,한국맥널티
2.02104E+13,K,1069736,한독크린텍,2021년 04월 12일,1,-,참석,"4,091,000",-,500,"4,091,000",-,2021년 04월 27일,1,-,2021년 01월 01일,-,2021년 05월 24일,한독크린텍
2.02103E+13,K,188973,화일약품,2021년 03월 03일,1,2,불참,"43,737,302",-,500,"21,868,651",-,2021년 03월 18일,2,-,2021년 01월 01일,-,2021년 04월 07일,화일약품
2.01505E+13,K,614478,휴메딕스,2015년 05월 27일,1,0,참석,"1,440,443",-,500,"7,202,217",-,2015년 07월 30일,0.1999999,-,2015년 01월 01일,2015년 08월 17일,2015년 08월 18일,휴메딕스
2.01611E+13,N,1065785,노브메타파마,2016년 10월 31일,-,-,참석,"2,016,000",-,500,"5,760,000",-,2016년 11월 22일,0.35,-,2016년 01월 01일,2016년 12월 22일,2016년 12월 23일,노브메타파마
2.02208E+13,N,1109690,도부마스크,2022년 07월 18일,2,-,참석,"8,615,603",-,500,"8,615,603",-,2022년 09월 15일,1,-,2022년 01월 01일,-,2022년 10월 11일,도부마스크
2.02001E+13,N,990396,뿌리깊은나무들,2020년 01월 02일,1,-,참석,"2,414,950","166,600",500,"2,414,950","166,600",2020년 01월 17일,1,1,2020년 01월 01일,-,2020년 02월 07일,뿌리깊은나무들
2.01801E+13,N,816696,큐엠씨,2018년 01월 15일,-,-,참석,"7,158,060","1,105,265",500,"1,022,580","157,895",2018년 02월 01일,7,7,2018년 01월 01일,2018년 02월 20일,2018년 02월 21일,큐엠씨
2.01611E+13,Y,219097,BGF,2016년 11월 07일,1,-,참석,"24,773,661",-,"1,000","24,773,964",-,2016년 11월 24일,1,-,2016년 01월 01일,2016년 12월 13일,2016년 12월 14일,BGF
2.01512E+13,Y,632304,JW홀딩스,2015년 12월 16일,2,0,참석,"1,126,182",-,500,"56,619,991",-,2016년 01월 01일,0.02,-,2016년 01월 01일,2016년 01월 18일,2016년 01월 19일,JW홀딩스
2.01912E+13,Y,632304,JW홀딩스,2019년 12월 16일,2,-,참석,"1,931,251",-,500,"64,520,904",-,2020년 01월 01일,0.03,-,2020년 01월 01일,-,2020년 01월 20일,JW홀딩스
2.01812E+13,Y,632304,JW홀딩스,2018년 12월 14일,2,-,참석,"1,262,347",-,500,"63,258,557",-,2019년 01월 01일,0.02,-,2019년 01월 01일,2019년 01월 18일,2019년 01월 21일,JW홀딩스
2.01712E+13,Y,632304,JW홀딩스,2017년 12월 15일,2,-,참석,"1,237,674",-,500,"62,020,883",-,2018년 01월 01일,0.02,-,2018년 01월 01일,2018년 01월 19일,2018년 01월 22일,JW홀딩스
2.02012E+13,Y,632304,JW홀딩스,2020년 12월 16일,3,-,참석,"1,989,027",-,500,"66,452,155",-,2021년 01월 01일,0.03,-,2021년 01월 01일,-,2021년 01월 20일,JW홀딩스
2.02112E+13,Y,632304,JW홀딩스,2021년 12월 15일,3,-,참석,"2,003,524",-,500,"68,441,182",-,2022년 01월 01일,0.03,-,2022년 01월 01일,-,2022년 01월 20일,JW홀딩스
2.02302E+13,Y,632304,JW홀딩스,2023년 02월 27일,2,1,참석,"2,063,453",-,500,"70,444,706",-,2023년 03월 14일,0.03,-,2023년 01월 01일,-,2023년 03월 31일,JW홀딩스
2.02312E+13,Y,632304,JW홀딩스,2023년 12월 15일,3,-,참석,"1,416,783",-,500,"72,508,159",-,2024년 01월 01일,0.02,-,2024년 01월 01일,-,2024년 01월 19일,JW홀딩스
2.01709E+13,Y,1208885,경동도시가스,2017년 09월 27일,1,-,참석,"1,571,527",-,"2,500","3,145,536",-,2017년 10월 12일,0.5,-,2017년 01월 01일,2017년 11월 02일,2017년 11월 03일,경동도시가스
2.01911E+13,Y,1208885,경동도시가스,2019년 11월 22일,1,-,참석,"1,178,343",-,"2,500","4,717,063",-,2019년 12월 09일,0.25,-,2019년 01월 01일,-,2019년 12월 26일,경동도시가스
2.02203E+13,Y,104722,국제약품,2022년 03월 04일,3,0,참석,"919,059",-,"1,000","19,276,090",-,2022년 03월 21일,0.05,-,2022년 01월 01일,-,2022년 04월 11일,국제약품
2.02302E+13,Y,104722,국제약품,2023년 02월 28일,3,0,참석,"964,683",-,"1,000","20,195,149",-,2023년 03월 20일,0.05,-,2023년 03월 20일,-,2023년 04월 17일,국제약품
2.02102E+13,Y,104722,국제약품,2021년 02월 16일,3,0,참석,"875,570",-,"1,000","18,400,520",-,2021년 03월 03일,0.05,-,2021년 01월 01일,-,2021년 03월 23일,국제약품
2.01608E+13,Y,231372,롯데관광개발,2016년 08월 08일,1,-,참석,"15,131,674",-,500,"30,263,349",-,2016년 08월 23일,0.5,-,2016년 01월 01일,2016년 09월 07일,2016년 09월 08일,롯데관광개발
2.02303E+13,Y,128032,삼일제약,2023년 03월 09일,2,1,참석,"1,295,307",-,500,"13,714,450",-,2023년 03월 27일,0.1,-,2023년 01월 01일,-,2023년 04월 20일,삼일제약
2.01702E+13,Y,855093,선진,2017년 02월 16일,2,1,참석,"8,139,604",-,500,"8,140,000",-,2017년 03월 03일,1,-,2017년 01월 01일,2017년 03월 23일,2017년 03월 24일,선진
2.02103E+13,Y,144818,유유제약,2021년 03월 16일,2,-,참석,"7,458,698","1,294,945","1,000","8,035,247","1,297,545",2021년 03월 31일,1,1,2021년 01월 01일,-,2021년 04월 21일,유유제약
2.02012E+13,Y,145598,이연제약,2020년 12월 16일,3,-,참석,"346,405",-,500,"17,562,390",-,2021년 01월 01일,0.02,-,2021년 01월 01일,-,2021년 01월 22일,이연제약
2.01711E+13,Y,145598,이연제약,2017년 11월 13일,1,-,참석,"3,870,000",-,500,"12,900,000",-,2017년 11월 30일,0.3,-,2017년 01월 01일,2017년 12월 19일,2017년 12월 20일,이연제약
2.02311E+13,Y,113191,코리안리,2023년 11월 06일,4,-,참석,"24,544,587",-,500,"140,822,939",-,2023년 11월 21일,0.2,-,2023년 01월 01일,-,2023년 12월 12일,코리안리
2.02211E+13,Y,113191,코리안리,2022년 11월 28일,4,-,참석,"20,453,823",-,500,"120,369,116",-,2022년 12월 13일,0.2,-,2022년 01월 01일,-,2022년 12월 28일,코리안리
2.02208E+13,K,151605,CBI,2022년 07월 29일,3,-,불참,"202,365,897","19,741,812",100,"67,974,789","6,580,604",2022년 08월 16일,3,3,2022년 01월 01일,-,2022년 09월 06일,CBI
2.02103E+13,K,407814,CG인바이츠,2021년 03월 15일,2,-,참석,"23,079,066",-,500,"46,167,420",-,2021년 04월 02일,0.5,-,2021년 01월 01일,-,2021년 04월 22일,CG인바이츠
2.02102E+13,K,1109715,DSC인베스트먼트,2021년 02월 15일,1,-,참석,"9,139,038",-,500,"18,538,829",-,2021년 03월 02일,0.5,-,2021년 01월 01일,-,2021년 03월 19일,DSC인베스트먼트
2.02002E+13,K,1012066,HK이노엔,2020년 02월 06일,-,-,참석,"218,892",-,"5,000","2,000,000",-,2020년 02월 21일,0.109446,-,2020년 01월 01일,-,-,HK이노엔
2.01507E+13,K,974927,NEW,2015년 07월 08일,1,1,참석,"13,703,053",-,500,"13,703,053",-,2015년 07월 24일,1,-,2015년 01월 01일,2015년 08월 17일,2015년 08월 18일,NEW
2.01907E+13,K,963976,SG,2019년 07월 22일,3,0,참석,"23,502,766",-,100,"12,506,024",-,2019년 08월 08일,2,-,2019년 01월 01일,2019년 08월 28일,2019년 08월 29일,SG
2.02104E+13,K,778235,TS인베스트먼트,2021년 03월 29일,1,-,참석,"12,854,069",-,500,"25,708,138",-,2021년 04월 13일,0.5,-,2021년 01월 01일,-,2021년 04월 30일,TS인베스트먼트
2.02106E+13,K,416414,넥스턴바이오,2021년 06월 04일,2,-,불참,"21,374,344",-,500,"11,846,520",-,2021년 06월 21일,2,-,2021년 01월 01일,-,2021년 07월 09일,넥스턴바이오
2.01801E+13,K,820389,뉴지랩파마,2018년 01월 24일,1,-,참석,"7,277,704",-,500,"7,277,704",-,2018년 01월 25일,1,-,2018년 01월 01일,2018년 02월 13일,2018년 02월 14일,뉴지랩파마
2.01704E+13,K,111874,대원산업,2017년 02월 23일,1,-,참석,"1,821,600",-,500,"18,216,000",-,2017년 03월 20일,0.1,-,2017년 01월 01일,2017년 04월 11일,2017년 04월 12일,대원산업
2.01611E+13,K,530413,더코디,2016년 11월 08일,1,2,불참,"45,009,760",-,100,"22,504,880",-,2016년 11월 29일,2,-,2016년 01월 01일,2016년 12월 27일,2016년 12월 28일,더코디
2.02108E+13,K,1137903,디케이티,2021년 08월 03일,3,-,참석,"8,231,333",-,500,"8,231,333",-,2021년 08월 18일,1,-,2021년 01월 01일,-,2021년 09월 08일,디케이티
2.01509E+13,K,654272,램테크놀러지,2015년 09월 03일,-,-,참석,"2,626,838",-,500,"8,756,128",-,2015년 10월 08일,0.3,-,2015년 01월 01일,2015년 10월 30일,2015년 11월 02일,램테크놀러지
2.02004E+13,K,1336373,메드팩토,2020년 04월 29일,1,1,참석,"10,157,421",-,500,"10,157,421",-,2020년 05월 14일,1,-,2020년 01월 01일,-,2020년 06월 02일,메드팩토
2.02211E+13,K,356839,메디콕스,2022년 10월 20일,2,3,불참,"12,770,137",-,500,"12,777,192",-,2022년 11월 17일,1,-,2022년 01월 01일,-,2022년 12월 09일,메디콕스
2.01706E+13,K,456218,모두투어,2017년 06월 02일,2,0,참석,"6,300,000",-,500,"12,600,000",-,2017년 06월 22일,0.5294815,-,2017년 01월 01일,2017년 07월 17일,2017년 07월 18일,모두투어
2.01802E+13,K,498001,모베이스,2018년 02월 28일,1,1,참석,"3,965,732",-,500,"19,992,456",-,2018년 03월 19일,0.2,-,2018년 01월 01일,2018년 04월 17일,2018년 04월 18일,모베이스
2.01502E+13,K,498001,모베이스,2015년 02월 10일,1,1,불참,"2,160,000",-,500,"10,800,000",-,2015년 02월 25일,0.2007728,-,2015년 01월 01일,2015년 03월 16일,2015년 03월 17일,모베이스
2.01701E+13,K,498001,모베이스,2017년 01월 16일,1,1,참석,"4,440,456",-,500,"15,552,000",-,2017년 02월 27일,0.286,-,2017년 01월 01일,2017년 03월 17일,2017년 03월 20일,모베이스
2.01511E+13,K,498001,모베이스,2015년 11월 27일,1,1,불참,"2,592,000",-,500,"12,960,000",-,2015년 12월 12일,0.200664,-,2015년 01월 01일,2016년 01월 04일,2016년 01월 05일,모베이스
2.02212E+13,K,1047840,미스터블루,2022년 12월 05일,1,1,참석,"49,783,490",-,100,"24,891,745",-,2022년 12월 20일,2,-,2022년 01월 01일,-,2023년 01월 10일,미스터블루
2.02402E+13,K,1117413,바이오다인,2024년 02월 14일,-,1,불참,"23,581,408",-,500,"6,182,695",-,2024년 02월 29일,4,-,2024년 01월 01일,-,2024년 03월 22일,바이오다인
2.02205E+13,K,1335790,바이젠셀,2022년 05월 25일,3,0,참석,"9,503,030",-,500,"9,503,030",-,2022년 06월 09일,1,-,2022년 01월 01일,-,2022년 06월 30일,바이젠셀
2.02108E+13,K,1391103,브랜드엑스코퍼레이션,2021년 08월 17일,2,-,참석,"9,837,585",-,500,"19,734,831",-,2021년 09월 01일,0.5,-,2021년 01월 01일,-,2021년 09월 23일,브랜드엑스코퍼레이션
2.01905E+13,K,1027794,브이원텍,2019년 05월 20일,1,-,참석,"7,525,290",-,500,"7,525,290",-,2019년 06월 05일,1,-,2019년 01월 01일,2019년 06월 24일,2019년 06월 25일,브이원텍
2.01903E+13,K,125938,삼보판지,2019년 03월 11일,1,1,참석,"1,470,000",-,500,"14,700,000",-,2019년 03월 29일,0.1003501,-,2019년 01월 01일,2019년 04월 23일,2019년 04월 24일,삼보판지
2.01803E+13,K,125938,삼보판지,2018년 03월 07일,1,1,참석,"700,000",-,500,"14,000,000",-,2018년 03월 29일,0.0501814,-,2018년 01월 01일,2018년 04월 23일,2018년 04월 24일,삼보판지
2.02312E+13,K,605522,소룩스,2023년 12월 07일,2,-,참석,"136,724,700",-,100,"9,766,050",-,2023년 12월 27일,14,-,2023년 01월 01일,-,2024년 01월 26일,소룩스
2.0211E+13,K,1050738,솔트룩스,2021년 10월 08일,5,-,참석,"5,100,665",-,500,"5,100,665",-,2021년 10월 25일,1,-,2021년 01월 01일,-,2021년 11월 11일,솔트룩스
2.02212E+13,K,1046203,스튜디오산타클로스,2022년 11월 22일,1,0,불참,"54,204,380",-,500,"10,850,308",-,2022년 12월 16일,5,-,2022년 01월 01일,-,2023년 01월 09일,스튜디오산타클로스
2.02204E+13,K,961570,신도기연,2022년 04월 27일,1,-,참석,"7,868,082",-,500,"8,061,280",-,2022년 05월 12일,1,-,2022년 01월 01일,-,2022년 06월 02일,신도기연
2.02208E+13,K,577380,신진에스엠,2022년 07월 14일,-,1,불참,"8,531,021",-,500,"8,972,183",-,2022년 08월 09일,1,-,2022년 01월 01일,-,2022년 09월 01일,신진에스엠
2.02101E+13,K,1080687,아우딘퓨쳐스,2021년 01월 07일,1,0,참석,"10,000,000",-,500,"10,000,000",-,2021년 02월 01일,1.0135409,-,2021년 01월 01일,-,2021년 02월 19일,아우딘퓨쳐스
2.01711E+13,K,1080687,아우딘퓨쳐스,2017년 11월 07일,1,0,참석,"4,074,810",-,500,"5,925,190",-,2017년 11월 22일,0.7034874,-,2017년 01월 01일,2017년 12월 13일,2017년 12월 14일,아우딘퓨쳐스
2.02402E+13,K,692254,아이패밀리에스씨,2024년 02월 14일,2,0,참석,"8,600,972",-,500,"8,600,972",-,2024년 02월 29일,1,-,2024년 01월 01일,-,2024년 03월 21일,아이패밀리에스씨
2.02205E+13,K,692254,아이패밀리에스씨,2022년 05월 23일,2,0,참석,"4,250,774",-,500,"4,250,774",-,2022년 06월 07일,1,-,2022년 01월 01일,-,2022년 06월 29일,아이패밀리에스씨
2.01611E+13,K,309831,알에프텍,2016년 11월 28일,1,-,참석,"6,350,000",-,500,"12,700,000",-,2016년 12월 13일,0.5,-,2016년 01월 01일,2016년 12월 30일,2017년 01월 02일,알에프텍
2.02007E+13,K,991191,앱클론,2020년 07월 01일,1,-,불참,"7,196,000","394,608",500,"7,196,000","394,608",2020년 07월 17일,1,1,2020년 01월 01일,2020년 08월 05일,2020년 08월 05일,앱클론
2.0161E+13,K,657002,에이디테크놀로지,2016년 10월 28일,0,1,불참,"4,010,505",-,500,"4,136,195",-,2016년 11월 14일,1,-,2016년 01월 01일,2016년 11월 28일,2016년 11월 29일,에이디테크놀로지
2.0231E+13,K,1375822,에이프릴바이오,2023년 10월 17일,2,-,참석,"10,711,195",-,"1,000","10,711,195",-,2023년 11월 01일,1,-,2023년 01월 01일,-,2023년 11월 20일,에이프릴바이오
2.02306E+13,K,1231786,엑스페릭스,2023년 06월 09일,2,-,참석,"18,324,120",-,500,"3,054,020",-,2023년 06월 26일,6,-,2023년 01월 01일,-,2023년 07월 21일,엑스페릭스
2.01804E+13,K,121154,엠에스씨,2018년 04월 02일,1,-,참석,"8,800,000",-,500,"8,800,000",-,2018년 04월 18일,1,-,2018년 01월 01일,2018년 05월 08일,2018년 05월 09일,엠에스씨
2.02105E+13,K,362858,예스24,2021년 05월 12일,3,0,참석,"7,800,000",-,500,"17,200,000",-,2021년 05월 31일,0.453488373,-,2021년 01월 01일,-,2021년 06월 23일,예스24
2.02006E+13,K,1082348,오스테오닉,2020년 06월 09일,-,-,참석,"4,158,585",-,500,"8,458,466",-,2020년 06월 25일,0.5,-,2020년 01월 01일,-,2020년 07월 15일,오스테오닉
2.02012E+13,K,867849,오파스넷,2020년 12월 15일,1,0,참석,"7,834,528",-,500,"4,025,902",-,2021년 01월 01일,2,-,2021년 01월 01일,-,2021년 01월 21일,오파스넷
2.02204E+13,K,1215618,와이엠텍,2022년 04월 11일,-,1,참석,"5,483,000",-,500,"5,483,000",-,2022년 04월 27일,1,-,2022년 01월 01일,-,2022년 05월 18일,와이엠텍
2.02104E+13,K,323868,웹케시,2021년 04월 19일,2,-,참석,"6,606,100",-,500,"6,763,655",-,2021년 05월 06일,1,-,2021년 01월 01일,-,2021년 06월 03일,웹케시
2.01703E+13,K,531865,유니테크노,2017년 03월 03일,1,1,참석,"5,963,760",-,500,"5,963,760",-,2017년 03월 20일,1,-,2017년 01월 01일,2017년 04월 06일,2017년 04월 07일,유니테크노
2.02101E+13,K,531865,유니테크노,2021년 01월 11일,1,-,참석,"11,678,070",-,500,"11,927,520",-,2021년 01월 26일,1,-,2021년 01월 01일,-,2021년 02월 10일,유니테크노
2.02011E+13,K,1203376,유비쿼스,2020년 11월 20일,3,-,참석,"5,121,751",-,500,"5,123,955",-,2020년 12월 07일,1,-,2020년 01월 01일,-,2020년 12월 28일,유비쿼스
2.02007E+13,K,1110678,유틸렉스,2020년 07월 03일,2,0,불참,"7,460,234",-,500,"7,460,234",-,2020년 07월 20일,1,-,2020년 01월 01일,-,2020년 08월 07일,유틸렉스
2.0161E+13,K,226866,인탑스,2016년 10월 25일,3,-,참석,"8,600,000",-,500,"8,600,000",-,2016년 11월 14일,1,-,2016년 01월 01일,2016년 12월 05일,2016년 12월 06일,인탑스
2.02109E+13,K,899556,제룡산업,2021년 09월 03일,-,-,참석,"10,000,000",-,500,"10,000,000",-,2021년 09월 24일,1,-,2021년 01월 01일,-,2021년 10월 15일,제룡산업
2.01606E+13,K,899556,제룡산업,2016년 06월 17일,-,-,참석,"2,067,680",-,500,"7,932,320",-,2016년 07월 05일,0.2606831,-,2016년 01월 01일,2016년 07월 25일,2016년 07월 26일,제룡산업
2.0171E+13,K,1108248,지노믹트리,2017년 10월 25일,1,-,참석,"5,172,706",-,500,"2,586,353",-,2017년 11월 10일,2,-,2017년 01월 01일,2017년 11월 29일,2017년 11월 30일,지노믹트리
2.01808E+13,K,1108248,지노믹트리,2018년 08월 31일,1,-,참석,"7,974,589",-,500,"7,974,589",-,2018년 09월 17일,1,-,2018년 01월 01일,2018년 10월 10일,2018년 10월 11일,지노믹트리
2.01806E+13,K,962223,지니언스,2018년 06월 21일,-,-,참석,"4,589,700",-,500,"4,854,900",-,2018년 07월 06일,1,-,2018년 01월 01일,2018년 07월 23일,2018년 07월 24일,지니언스
2.02312E+13,K,1228515,지오릿에너지,2023년 10월 30일,2,-,-,"83,525,012",-,100,"41,762,506",-,2023년 11월 14일,2,-,2023년 01월 01일,-,2023년 12월 11일,지오릿에너지
2.01908E+13,K,1031229,지티지웰니스,2019년 08월 13일,1,-,참석,"6,066,199",-,500,"6,250,067",-,2019년 08월 28일,1,-,2019년 01월 01일,2019년 09월 20일,2019년 09월 23일,지티지웰니스
2.01801E+13,K,1031229,지티지웰니스,2018년 01월 18일,-,-,참석,"2,859,550",-,500,"1,787,219",-,2018년 02월 02일,1.6,-,2018년 01월 01일,2018년 02월 26일,2018년 02월 27일,지티지웰니스
2.02101E+13,K,260879,카페24,2021년 01월 13일,1,1,참석,"9,404,136",-,500,"9,430,597",-,2021년 01월 29일,1,-,2021년 01월 01일,-,2021년 02월 22일,카페24
2.02005E+13,K,1037214,케이피에스,2020년 05월 06일,-,-,참석,"10,142,392",-,500,"5,071,196",-,2020년 05월 21일,2,-,2020년 01월 01일,-,2020년 06월 10일,케이피에스
2.02107E+13,K,985686,큐브엔터,2021년 07월 08일,2,0,참석,"6,900,920",-,500,"6,903,767",-,2021년 07월 23일,1,-,2021년 01월 01일,-,2021년 08월 12일,큐브엔터
2.01607E+13,K,608802,텔콘RF제약,2016년 06월 23일,1,-,불참,"5,303,690",-,500,"5,303,690",-,2016년 07월 12일,1,-,2016년 01월 01일,2016년 07월 28일,2016년 07월 29일,텔콘RF제약
2.01605E+13,K,531917,톱텍,2016년 05월 26일,1,1,참석,"17,512,913",-,500,"17,512,913",-,2016년 06월 13일,1,-,2016년 01월 01일,2016년 07월 13일,2016년 07월 14일,톱텍
2.01512E+13,K,537832,푸른기술,2015년 12월 17일,2,-,참석,"1,555,262",-,500,"4,085,915",-,2016년 01월 01일,0.5,-,2016년 01월 01일,2016년 01월 21일,2016년 01월 22일,푸른기술
2.02101E+13,K,537832,푸른기술,2021년 01월 26일,2,0,참석,"1,787,184",-,500,"6,574,202",-,2021년 02월 17일,0.3,-,2021년 01월 01일,2021년 03월 08일,2021년 03월 09일,푸른기술
2.01702E+13,K,537832,푸른기술,2017년 02월 13일,2,0,참석,"933,025",-,500,"5,641,177",-,2017년 03월 01일,0.2,-,2017년 01월 01일,2017년 03월 22일,2017년 03월 23일,푸른기술
2.01812E+13,K,356389,프럼파스트,2018년 12월 11일,-,-,참석,"884,473",-,500,"8,846,117",-,2019년 01월 01일,0.1,-,2019년 01월 01일,2019년 01월 17일,2019년 01월 18일,프럼파스트
2.01512E+13,K,356389,프럼파스트,2015년 12월 08일,2,0,불참,"1,176,264",-,500,"6,160,000",-,2016년 01월 01일,0.2,-,2016년 01월 01일,2016년 01월 18일,2016년 01월 19일,프럼파스트
2.01612E+13,K,356389,프럼파스트,2016년 12월 14일,2,0,참석,"705,729",-,500,"7,336,264",-,2017년 01월 01일,0.1,-,2017년 01월 01일,2017년 01월 18일,2017년 01월 19일,프럼파스트
2.01712E+13,K,356389,프럼파스트,2017년 12월 08일,-,-,참석,"804,124",-,500,"8,041,993",-,2018년 01월 01일,0.1,-,2018년 01월 01일,2018년 01월 18일,2018년 01월 19일,프럼파스트
2.01906E+13,K,325112,프로텍,2019년 06월 20일,1,-,참석,"681,639",-,500,"10,318,361",-,2019년 07월 08일,0.07046543,-,2019년 01월 01일,2019년 07월 31일,2019년 08월 01일,프로텍
2.02402E+13,K,1217865,프롬바이오,2024년 02월 28일,3,-,참석,"14,155,000",-,100,"14,155,000",-,2024년 03월 14일,1,-,2024년 01월 01일,-,2024년 04월 05일,프롬바이오
2.01809E+13,K,155735,피제이전자,2018년 09월 05일,-,1,참석,"5,000,000",-,500,"10,000,000",-,2018년 09월 21일,0.5,-,2018년 01월 01일,2018년 10월 18일,2018년 10월 19일,피제이전자
2.02012E+13,K,625942,한솔아이원스,2020년 12월 09일,1,3,-,"12,087,255",-,500,"13,415,919",-,2021년 01월 01일,1,-,2021년 01월 01일,-,2021년 01월 22일,한솔아이원스
2.02109E+13,K,453442,해성에어로보틱스,2021년 09월 28일,1,-,참석,"4,630,000",-,500,"4,630,000",-,2021년 10월 13일,1,-,2021년 01월 01일,-,2021년 11월 04일,해성에어로보틱스
2.01504E+13,K,164502,현대공업,2015년 04월 07일,1,-,참석,"5,025,000",-,500,"10,050,000",-,2015년 04월 24일,0.5,-,2015년 01월 01일,2015년 05월 21일,2015년 05월 22일,현대공업
2.01906E+13,K,1251577,휴네시온,2019년 06월 12일,1,-,참석,"4,803,836",-,500,"4,803,836",-,2019년 07월 01일,1,-,2019년 01월 01일,2019년 07월 30일,2019년 07월 31일,휴네시온
2.01501E+13,K,623184,휴림네트웍스,2015년 01월 22일,1,-,참석,"1,203,400",-,500,"2,406,800",-,2015년 02월 10일,0.5,-,2015년 01월 01일,2015년 02월 26일,2015년 02월 27일,휴림네트웍스
2.01708E+13,K,623184,휴림네트웍스,2017년 08월 07일,0,1,-,"18,326,850",-,500,"6,108,950",-,2017년 09월 01일,3,-,2017년 01월 01일,2017년 09월 21일,2017년 09월 22일,휴림네트웍스
2.01811E+13,Y,1205842,HD현대건설기계,2018년 11월 02일,2,1,참석,"9,824,498",-,"5,000","9,876,295",-,2018년 11월 20일,1,-,2018년 01월 01일,2018년 12월 17일,2018년 12월 18일,HD현대건설기계
2.01811E+13,Y,164609,HD현대미포,2018년 11월 14일,2,1,참석,"19,942,149",-,"5,000","20,000,000",-,2018년 12월 05일,1,-,2018년 01월 01일,2018년 12월 24일,2018년 12월 26일,HD현대미포
2.0201E+13,Y,1319899,SK바이오사이언스,2020년 10월 05일,-,-,참석,"4,080,000",-,"5,000","2,040,000",-,2020년 10월 20일,2,-,2019년 12월 31일,2020년 10월 27일,-,SK바이오사이언스
2.02104E+13,Y,545716,롯데렌탈,2021년 04월 15일,1,1,참석,"17,653,800",-,"5,000","11,769,200",-,2021년 05월 17일,1.5,-,2020년 12월 31일,-,-,롯데렌탈
2.01706E+13,Y,447609,비에이치,2017년 06월 07일,1,-,참석,"15,634,888",-,500,"15,634,888",-,2017년 06월 22일,1,-,2017년 01월 01일,2017년 07월 13일,2017년 07월 14일,비에이치
2.0231E+13,Y,565154,이노션,2023년 10월 25일,3,-,참석,"20,000,000",-,500,"20,000,000",-,2023년 11월 30일,1,-,2023년 01월 01일,-,2023년 12월 21일,이노션
2.02002E+13,Y,1168383,일동제약,2020년 02월 14일,1,1,참석,"1,132,833",-,"1,000","22,670,452",-,2020년 03월 06일,0.05,-,2020년 01월 01일,-,2020년 03월 25일,일동제약
2.01803E+13,Y,1236897,제일약품,2018년 03월 27일,1,2,참석,"4,200,379",-,500,"10,504,493",-,2018년 04월 12일,0.4,-,2018년 01월 01일,2018년 04월 29일,2018년 04월 30일,제일약품
2.01912E+13,Y,390055,종근당바이오,2019년 12월 13일,1,-,참석,"256,473",-,"2,500","5,229,489",-,2020년 01월 01일,0.05,-,2020년 01월 01일,-,2020년 01월 17일,종근당바이오
2.02211E+13,Y,150633,지누스,2022년 11월 07일,3,0,-,"1,668,245",-,500,"17,232,431",-,2022년 11월 23일,0.1,-,2022년 01월 01일,-,2022년 12월 16일,지누스
2.02102E+13,Y,150633,지누스,2021년 02월 24일,3,0,-,"1,393,701",-,500,"14,406,749",-,2021년 03월 12일,0.1,-,2021년 01월 01일,-,2021년 04월 13일,지누스
2.02311E+13,Y,150633,지누스,2023년 11월 06일,3,-,참석,"1,834,528",-,500,"18,900,676",-,2023년 11월 22일,0.1,-,2023년 01월 01일,-,2023년 12월 15일,지누스
2.02104E+13,Y,248974,하나제약,2021년 04월 13일,2,-,참석,"1,572,946",-,500,"16,200,000",-,2021년 04월 29일,0.1,-,2021년 01월 01일,-,2021년 05월 24일,하나제약
2.01805E+13,Y,1128613,화승엔터프라이즈,2018년 05월 25일,3,0,참석,"30,268,335",-,500,"30,268,335",-,2018년 06월 11일,1,-,2018년 01월 01일,2018년 06월 29일,2018년 07월 02일,화승엔터프라이즈
2.01707E+13,K,599595,BGF에코머티리얼즈,2017년 07월 14일,4,-,참석,"10,557,709",-,500,"10,557,925",-,2017년 07월 31일,1,-,2017년 01월 01일,2017년 08월 18일,2017년 08월 21일,BGF에코머티리얼즈
2.01812E+13,K,1042711,글로벌텍스프리,2018년 12월 17일,2,1,참석,"17,717,978",-,500,"19,458,577",-,2019년 01월 10일,1,-,2019년 01월 01일,2019년 01월 25일,2019년 01월 28일,글로벌텍스프리
2.01802E+13,K,994994,나노,2018년 02월 08일,0,1,불참,"7,851,267",-,500,"7,853,971",-,2018년 02월 13일,1,-,2018년 01월 01일,2018년 03월 05일,2018년 03월 06일,나노
2.01511E+13,K,536329,노블엠앤비,2015년 11월 09일,1,2,참석,"6,862,121",-,500,"7,224,707",-,2015년 11월 25일,1,-,2015년 01월 01일,2015년 12월 28일,2015년 12월 29일,노블엠앤비
2.02102E+13,K,178851,동양에스텍,2021년 02월 09일,1,-,참석,"9,700,000",-,500,"10,000,000",-,2021년 02월 25일,1,-,2021년 01월 01일,-,2021년 03월 22일,동양에스텍
2.01711E+13,K,1186404,디앤씨미디어,2017년 11월 15일,1,-,참석,"8,007,120",-,500,"4,034,223",-,2017년 11월 30일,2,-,2017년 01월 01일,2017년 12월 19일,2017년 12월 20일,디앤씨미디어
2.01704E+13,K,1075126,딥마인드,2017년 03월 06일,1,1,불참,"7,545,674",-,500,"7,545,674",-,2017년 03월 22일,1,-,2017년 01월 01일,2017년 05월 08일,2017년 05월 10일,딥마인드
2.02404E+13,K,352499,링네트,2024년 04월 01일,1,0,참석,"3,713,256",-,500,"15,356,878",-,2024년 04월 17일,0.2999999,-,2024년 01월 01일,-,2024년 05월 13일,링네트
2.01802E+13,K,1109955,링크제니시스,2018년 02월 06일,-,-,불참,"7,863,700",-,100,"2,136,300",-,2018년 02월 26일,4.0923733,-,2018년 01월 01일,2018년 03월 12일,2018년 03월 13일,링크제니시스
2.01806E+13,K,422284,메가스터디,2018년 06월 01일,2,-,참석,"7,904,668",-,500,"4,016,291",-,2018년 06월 19일,2,-,2018년 01월 01일,2018년 07월 06일,2018년 07월 09일,메가스터디
2.01601E+13,K,273439,메디아나,2016년 01월 26일,3,0,참석,"1,429,716",-,500,"7,220,780",-,2016년 02월 12일,0.2,-,2016년 01월 01일,2016년 03월 07일,2016년 03월 08일,메디아나
2.02109E+13,K,273439,메디아나,2021년 09월 23일,1,1,참석,"7,349,504",-,500,"8,650,496",-,2021년 10월 12일,0.8537501,-,2021년 01월 01일,-,2021년 11월 01일,메디아나
2.0161E+13,K,618410,상상인인더스트리,2016년 10월 21일,1,-,-,"12,764,625",-,500,"12,764,625",-,2016년 11월 08일,1,-,2016년 01월 01일,2016년 12월 02일,2016년 12월 05일,상상인인더스트리
2.01711E+13,K,130383,서부T&D,2017년 11월 03일,2,0,참석,"9,403,962",-,500,"37,765,492",-,2017년 11월 21일,0.25,-,2017년 01월 01일,2017년 12월 18일,2017년 12월 19일,서부T&D
2.02202E+13,K,132202,선진뷰티사이언스,2022년 02월 16일,1,1,참석,"6,087,630",-,500,"6,115,650",-,2022년 03월 11일,1,-,2022년 01월 01일,-,2022년 03월 30일,선진뷰티사이언스
2.02108E+13,K,1169267,세화피앤씨,2021년 08월 31일,1,-,불참,"20,743,195",-,100,"20,743,195",-,2021년 09월 23일,1,-,2021년 01월 01일,-,2021년 10월 25일,세화피앤씨
2.02101E+13,K,1182444,셀리버리,2021년 01월 18일,1,-,참석,"8,185,107","227,507",500,"8,185,107","227,507",2021년 02월 02일,1,1,2021년 01월 01일,-,2021년 02월 24일,셀리버리
2.02207E+13,K,1182444,셀리버리,2022년 07월 11일,1,-,참석,"17,343,071","711,223",500,"17,343,071","711,223",2022년 07월 26일,1,1,2022년 01월 01일,-,2022년 08월 12일,셀리버리
2.0211E+13,K,763358,스마트솔루션즈,2021년 07월 19일,-,-,-,"21,677,385",-,500,"7,225,795",-,2021년 10월 29일,3,-,2021년 01월 01일,-,2021년 11월 30일,스마트솔루션즈
2.01912E+13,K,137058,신일제약,2019년 12월 13일,1,-,참석,"3,002,000",-,500,"7,900,000",-,2020년 01월 01일,0.4,-,2020년 01월 01일,-,2020년 01월 21일,신일제약
2.01908E+13,K,1344336,신테카바이오,2019년 08월 08일,-,1,참석,"5,753,438",-,500,"5,753,438",-,2019년 08월 27일,1,-,2019년 01월 01일,2019년 09월 10일,-,신테카바이오
2.01907E+13,K,520610,씨큐브,2019년 07월 09일,-,-,불참,"2,087,743",-,500,"8,050,441",-,2019년 07월 23일,0.30000006,-,2019년 01월 01일,2019년 08월 12일,2019년 08월 13일,씨큐브
2.02307E+13,K,1303029,알비더블유,2023년 06월 20일,-,2,불참,"19,090,194",-,500,"9,545,097",-,2023년 07월 05일,2,-,2023년 01월 01일,-,2023년 07월 26일,알비더블유
2.02105E+13,K,1022902,애드바이오텍,2021년 05월 12일,2,-,불참,"5,128,696",-,500,"2,564,348",-,2021년 05월 27일,2,-,2021년 01월 01일,-,2021년 06월 16일,애드바이오텍
2.01605E+13,K,608839,에이루트,2016년 05월 27일,1,-,불참,"15,142,856",-,500,"15,142,856",-,2016년 06월 15일,1,-,2016년 01월 01일,2016년 07월 06일,2016년 07월 07일,에이루트
2.02107E+13,K,608839,에이루트,2021년 07월 05일,-,2,-,"96,225,225",-,500,"19,250,139",-,2021년 07월 20일,5,-,2021년 01월 01일,-,2021년 08월 10일,에이루트
2.02309E+13,K,1042085,엑셈,2023년 09월 26일,3,-,-,"35,581,158",-,100,"36,382,273",-,2023년 10월 11일,1,-,2023년 01월 01일,-,2023년 10월 31일,엑셈
2.02205E+13,K,1051065,엔비티,2022년 05월 16일,1,-,참석,"8,487,713",-,100,"8,487,713",-,2022년 05월 31일,1,-,2022년 01월 01일,-,2022년 06월 21일,엔비티
2.01611E+13,K,569646,영우디에스피,2016년 11월 21일,-,-,참석,"6,092,233",-,500,"6,092,233",-,2016년 12월 06일,1,-,2016년 01월 01일,2016년 12월 27일,2016년 12월 28일,영우디에스피
2.01801E+13,K,530556,예스티,2018년 01월 22일,1,0,참석,"6,490,981",-,500,"4,327,321",-,2018년 02월 09일,1.5,-,2018년 01월 01일,2018년 03월 06일,2018년 03월 07일,예스티
2.02012E+13,K,543107,오킨스전자,2020년 12월 16일,-,-,참석,"8,839,649",-,500,"8,839,649",-,2021년 01월 08일,1,-,2021년 01월 01일,-,2021년 01월 29일,오킨스전자
2.02103E+13,K,1070149,올리패스,2021년 03월 15일,2,0,참석,"8,514,101","1,232,626",500,"17,028,203","2,465,252",2021년 03월 30일,0.5,0.5,2021년 01월 01일,2021년 04월 16일,2021년 04월 16일,올리패스
2.01611E+13,K,455875,와토스코리아,2016년 11월 25일,1,-,참석,"500,000",-,500,"6,300,000",-,2017년 01월 01일,0.0793794,-,2017년 01월 01일,2017년 01월 25일,2017년 01월 26일,와토스코리아
2.01511E+13,K,455875,와토스코리아,2015년 11월 23일,1,-,참석,"600,000",-,500,"5,700,000",-,2016년 01월 01일,0.1052632,-,2016년 01월 01일,2016년 01월 28일,2016년 01월 29일,와토스코리아
2.01711E+13,K,455875,와토스코리아,2017년 11월 28일,1,-,참석,"400,000",-,500,"6,800,000",-,2018년 01월 01일,0.0588235,-,2018년 01월 01일,2018년 01월 25일,2018년 01월 26일,와토스코리아
2.01704E+13,K,468374,원익QnC,2017년 04월 13일,1,-,참석,"13,144,000",-,500,"13,144,000",-,2017년 05월 02일,1,-,2017년 01월 01일,2017년 05월 23일,2017년 05월 24일,원익QnC
2.01605E+13,K,815767,위메이드플레이,2016년 05월 10일,3,-,참석,"3,119,075",-,500,"6,450,767",-,2016년 05월 11일,0.5,-,2016년 01월 01일,2016년 05월 31일,2016년 06월 01일,위메이드플레이
2.01511E+13,K,910840,윈하이텍,2015년 11월 12일,2,-,불참,"3,262,789",-,500,"6,600,300",-,2015년 11월 30일,0.5,-,2015년 01월 01일,2015년 12월 17일,2015년 12월 18일,윈하이텍
2.01707E+13,K,256380,유아이엘,2017년 07월 10일,3,-,참석,"10,892,468",0,500,"10,892,468",0,2017년 08월 01일,1,0,2017년 01월 01일,2017년 08월 22일,2017년 08월 23일,유아이엘
2.02404E+13,K,1368637,유일에너테크,2024년 04월 01일,3,-,참석,"22,736,300",-,500,"11,468,150",-,2024년 04월 17일,2,-,2024년 01월 01일,-,2024년 05월 07일,유일에너테크
2.02302E+13,K,1026616,유투바이오,2023년 02월 09일,2,-,참석,"7,576,530",-,500,"2,525,510",-,2023년 02월 24일,3,-,2023년 01월 01일,-,2023년 03월 16일,유투바이오
2.02207E+13,K,346610,이노시스,2022년 07월 22일,-,-,-,"60,948,104",-,500,"15,237,026",-,2022년 08월 08일,4,-,2022년 01월 01일,-,2022년 08월 30일,이노시스
2.01504E+13,K,273420,이스트소프트,2015년 04월 20일,2,-,참석,"4,949,700",-,500,"4,949,700",-,2015년 05월 07일,1,-,2015년 01월 01일,2015년 05월 26일,2015년 05월 27일,이스트소프트
2.02212E+13,K,668965,지오엘리먼트,2022년 12월 14일,2,0,참석,"6,307,280",-,500,"6,307,280",-,2023년 01월 12일,1,-,2023년 01월 01일,-,2023년 02월 01일,지오엘리먼트
2.02208E+13,K,1462605,지투파워,2022년 07월 27일,0,2,불참,"14,530,716",-,500,"3,686,835",-,2022년 08월 11일,4,0,2022년 01월 01일,-,2022년 09월 06일,지투파워
2.02003E+13,K,579971,칩스앤미디어,2020년 03월 23일,-,-,참석,"2,224,688",-,500,"7,415,627",-,2020년 04월 07일,0.3,-,2020년 01월 01일,-,2020년 04월 27일,칩스앤미디어
2.01512E+13,K,579971,칩스앤미디어,2015년 12월 14일,-,-,참석,"3,444,531",-,500,"3,444,531",-,2016년 01월 01일,1,-,2016년 01월 01일,2016년 01월 18일,2016년 01월 19일,칩스앤미디어
2.0231E+13,K,579971,칩스앤미디어,2023년 10월 30일,-,-,참석,"9,640,315","771,247",500,"9,640,315","771,247",2023년 11월 14일,1,1,2023년 01월 01일,-,2023년 12월 01일,칩스앤미디어
2.01907E+13,K,187415,코미팜,2019년 06월 27일,2,-,참석,"5,785,526",-,100,"58,138,849",-,2019년 07월 12일,0.09999999,-,2019년 01월 01일,2019년 07월 31일,2019년 08월 01일,코미팜
2.02307E+13,K,187415,코미팜,2023년 07월 26일,2,-,참석,"6,418,588",-,100,"64,185,876",-,2023년 08월 18일,0.1006894,-,2023년 01월 01일,-,2023년 09월 05일,코미팜
2.01812E+13,K,187415,코미팜,2018년 12월 12일,2,-,참석,"2,752,505",-,100,"55,318,328",-,2019년 01월 01일,0.0499999,-,2019년 01월 01일,2019년 01월 17일,2019년 01월 18일,코미팜
2.02111E+13,K,1311055,쿠콘,2021년 11월 01일,3,0,참석,"2,014,614",-,500,"8,077,071",-,2021년 11월 19일,0.25,-,2021년 01월 01일,-,2021년 12월 20일,쿠콘
2.01505E+13,K,608699,탑코미디어,2015년 05월 11일,1,2,참석,"3,750,000",-,500,"7,500,000",-,2015년 05월 26일,0.5,-,2015년 01월 01일,2015년 06월 15일,2015년 06월 16일,탑코미디어
2.01512E+13,K,524421,테스,2015년 12월 16일,1,-,참석,"205,765",-,500,"10,288,255",-,2016년 01월 01일,0.02,-,2016년 01월 01일,2016년 01월 18일,2016년 01월 19일,테스
2.0201E+13,K,867098,티로보틱스,2020년 10월 05일,-,1,불참,"5,579,429",-,500,"5,579,429",-,2020년 10월 20일,1,-,2020년 01월 01일,-,2020년 11월 16일,티로보틱스
2.02312E+13,K,957373,펨트론,2023년 12월 08일,2,-,참석,"10,644,142",-,500,"10,644,142",-,2024년 01월 02일,1,-,2024년 01월 01일,-,2024년 01월 26일,펨트론
2.02104E+13,K,962393,포인트모바일,2021년 03월 23일,2,-,참석,"6,231,686",-,100,"6,430,586",-,2021년 04월 07일,1,-,2021년 01월 01일,-,2021년 04월 23일,포인트모바일
2.02203E+13,K,490179,플랜티넷,2022년 03월 15일,2,-,참석,"7,662,320",-,500,"8,960,000",-,2022년 03월 31일,1,-,2022년 01월 01일,-,2022년 04월 25일,플랜티넷
2.02108E+13,K,389998,한성크린텍,2021년 08월 24일,1,-,참석,"19,288,699",-,500,"19,291,574",-,2021년 09월 09일,1,-,2021년 01월 01일,-,2021년 10월 05일,한성크린텍
2.01704E+13,K,1013311,헥토이노베이션,2017년 04월 05일,1,-,참석,"5,943,314","795,848",500,"5,943,314","795,848",2017년 04월 21일,1,1,2017년 01월 01일,2017년 05월 18일,2017년 05월 19일,헥토이노베이션
2.01712E+13,K,808068,협진,2017년 12월 11일,1,1,불참,"12,167,396",-,500,"6,115,000",-,2017년 12월 26일,2,-,2017년 01월 01일,2018년 01월 19일,2018년 01월 22일,협진
2.01906E+13,N,1116380,씨앤에스링크,2019년 06월 05일,-,-,참석,"540,000",-,500,"1,039,960",-,2019년 06월 20일,0.5192508,-,2019년 01월 01일,2019년 07월 10일,2019년 07월 11일,씨앤에스링크
2.02105E+13,N,1109122,에스엘테라퓨틱스,2021년 05월 10일,1,0,참석,"3,475,980","2,013,880",500,"1,737,990","1,006,940",2021년 05월 25일,2,2,2021년 01월 01일,-,2021년 06월 15일,에스엘테라퓨틱스
2.01906E+13,N,1034730,크로넥스,2019년 06월 28일,1,0,참석,"2,087,500","898,820",500,"1,043,750","449,410",2019년 07월 15일,2,2,2019년 01월 01일,2019년 07월 30일,2019년 07월 31일,크로넥스
2.0171E+13,Y,350312,HDC랩스,2017년 10월 30일,1,1,불참,"8,230,000",-,500,"8,230,000",-,2017년 11월 15일,1,-,2017년 01월 01일,2017년 12월 01일,2017년 12월 04일,HDC랩스
2.01911E+13,Y,454946,그린케미칼,2019년 11월 18일,1,-,참석,"4,000,000",-,500,"20,000,000",-,2019년 12월 04일,0.20408163,-,2019년 01월 01일,2019년 12월 24일,2019년 12월 26일,그린케미칼
2.02103E+13,Y,113234,대한제당,2021년 03월 23일,1,1,참석,"44,848,290","3,241,380",500,"44,848,290","3,241,380",2021년 04월 30일,1,1,2021년 01월 01일,-,2021년 05월 25일,대한제당
2.02312E+13,Y,1412822,솔루스첨단소재,2023년 12월 21일,3,-,-,"35,106,149","10,342,493",100,"35,111,195","10,344,569",2024년 01월 09일,1,1,2024년 01월 01일,-,2024년 01월 30일,솔루스첨단소재
2.02112E+13,Y,983271,엔에이치엔,2021년 12월 16일,3,0,-,"17,952,890",-,500,"19,565,025",-,2022년 01월 01일,1,-,2022년 01월 01일,-,2022년 01월 24일,엔에이치엔
2.01701E+13,Y,161426,한미사이언스,2017년 01월 02일,1,-,참석,"3,989,565",-,500,"58,290,309",-,2017년 02월 16일,0.07,-,2017년 01월 01일,2017년 03월 06일,2017년 03월 07일,한미사이언스
2.02112E+13,Y,161426,한미사이언스,2021년 12월 16일,2,-,참석,"1,319,073",-,500,"67,304,611",-,2022년 01월 01일,0.02,-,2022년 01월 01일,-,2022년 01월 21일,한미사이언스
2.01512E+13,Y,161426,한미사이언스,2015년 12월 09일,1,-,불참,"1,104,786",-,500,"57,185,523",-,2016년 01월 01일,0.02,-,2016년 01월 01일,2016년 01월 18일,2016년 01월 19일,한미사이언스
2.02012E+13,Y,161426,한미사이언스,2020년 12월 15일,2,-,참석,"1,293,462",-,500,"66,011,149",-,2021년 01월 01일,0.02,-,2021년 01월 01일,-,2021년 01월 22일,한미사이언스
2.01712E+13,Y,161426,한미사이언스,2017년 12월 14일,1,0,참석,"1,219,393",-,500,"62,279,874",-,2018년 01월 01일,0.02,-,2018년 01월 01일,2018년 01월 22일,2018년 01월 23일,한미사이언스
2.02212E+13,Y,161426,한미사이언스,2022년 12월 15일,3,-,참석,"1,333,256",-,500,"68,623,684",-,2023년 01월 01일,0.02,-,2023년 01월 01일,-,2023년 01월 20일,한미사이언스
2.01812E+13,Y,161426,한미사이언스,2018년 12월 13일,1,-,참석,"1,243,593",-,500,"63,499,267",-,2019년 01월 01일,0.02,-,2019년 01월 01일,2019년 01월 22일,2019년 01월 23일,한미사이언스
2.01912E+13,Y,161426,한미사이언스,2019년 12월 12일,2,-,참석,"1,268,289",-,500,"64,742,860",-,2020년 01월 01일,0.02,-,2020년 01월 01일,-,2020년 01월 23일,한미사이언스
2.02102E+13,Y,218575,황금에스티,2021년 02월 26일,1,-,참석,"2,000,000",-,500,"14,000,000",-,2021년 03월 19일,0.1428762,-,2021년 01월 01일,-,2021년 04월 19일,황금에스티
2.02202E+13,Y,218575,황금에스티,2022년 02월 11일,1,-,참석,"1,000,000",-,500,"16,000,000",-,2022년 02월 28일,0.06252392,-,2022년 01월 01일,-,2022년 03월 28일,황금에스티
2.01508E+13,K,653194,AP헬스케어,2015년 08월 17일,-,2,불참,"11,173,286",-,500,"5,749,200",-,2015년 09월 01일,2,-,2015년 01월 01일,2015년 09월 21일,2015년 09월 22일,AP헬스케어
2.02205E+13,K,1189438,HLB바이오스텝,2022년 05월 09일,2,-,참석,"62,449,224",-,100,"7,806,153",-,2022년 06월 02일,8,-,2022년 01월 01일,-,2022년 06월 22일,HLB바이오스텝
2.02101E+13,K,110431,JW신약,2020년 12월 16일,3,-,참석,"2,086,542",-,500,"41,850,316",-,2021년 01월 01일,0.05,-,2021년 01월 01일,-,2021년 01월 20일,JW신약
2.02312E+13,K,110431,JW신약,2023년 12월 15일,3,-,참석,"2,414,325",-,500,"48,427,177",-,2024년 01월 01일,0.05,-,2024년 01월 01일,-,2024년 01월 19일,JW신약
2.02112E+13,K,110431,JW신약,2021년 12월 15일,3,-,참석,"2,190,579",-,500,"43,936,858",-,2022년 01월 01일,0.05,-,2022년 01월 01일,-,2022년 01월 20일,JW신약
2.02212E+13,K,110431,JW신약,2022년 12월 15일,3,-,참석,"2,299,740",-,500,"46,127,437",-,2023년 01월 01일,0.05,-,2023년 01월 01일,-,2023년 01월 19일,JW신약
2.0191E+13,K,1259418,대보마그네틱,2019년 10월 22일,2,-,불참,"3,220,676",-,500,"3,232,600",-,2019년 11월 07일,1,-,2019년 01월 01일,-,2019년 11월 26일,대보마그네틱
2.02105E+13,K,384948,대유,2021년 05월 17일,1,-,불참,"4,722,200",-,500,"9,444,400",-,2021년 06월 01일,0.5,-,2021년 01월 01일,-,2021년 06월 18일,대유
2.02107E+13,K,1214743,더네이쳐홀딩스,2021년 07월 19일,1,0,참석,"7,272,328",-,500,"7,272,328",-,2021년 08월 03일,1,-,2021년 01월 01일,-,2021년 08월 30일,더네이쳐홀딩스
2.02102E+13,K,114686,동구바이오제약,2021년 02월 15일,3,-,-,"18,860,992",-,500,"9,604,000",-,2021년 03월 03일,2,-,2021년 01월 01일,-,2021년 04월 05일,동구바이오제약
2.01805E+13,K,695969,동운아나텍,2018년 05월 15일,-,1,불참,"5,941,074",-,500,"6,541,769",-,2018년 06월 14일,1,-,2018년 01월 01일,2018년 07월 06일,2018년 07월 09일,동운아나텍
2.0211E+13,K,172945,동일철강,2021년 10월 14일,-,-,-,"7,327,799",-,500,"7,345,085",-,2021년 10월 29일,1,-,2021년 01월 01일,-,2021년 11월 17일,동일철강
2.02309E+13,K,916826,드림씨아이에스,2023년 09월 25일,2,-,참석,"17,781,960",-,500,"5,927,320",-,2023년 10월 11일,3,-,2023년 01월 01일,-,2023년 10월 30일,드림씨아이에스
2.02206E+13,K,1251489,라온피플,2022년 06월 22일,0,2,불참,"10,390,006",-,500,"10,557,856",-,2022년 07월 20일,1,-,2022년 01월 01일,-,2022년 08월 10일,라온피플
2.01503E+13,K,261373,마크로젠,2015년 03월 02일,2,-,참석,"2,948,899",-,500,"5,897,837",-,2015년 03월 19일,0.5,-,2015년 01월 01일,2015년 04월 10일,2015년 04월 13일,마크로젠
2.01903E+13,K,453929,메디포스트,2019년 03월 15일,2,-,참석,"7,749,421",-,500,"7,868,421",-,2019년 04월 01일,1,-,2019년 01월 01일,2019년 04월 12일,2019년 04월 15일,메디포스트
2.02002E+13,K,556615,모바일어플라이언스,2020년 02월 14일,1,-,참석,"15,000,000",-,500,"15,000,000",-,2020년 03월 03일,1,-,2020년 01월 01일,-,2020년 03월 17일,모바일어플라이언스
2.02009E+13,K,1227039,브릿지바이오,2020년 09월 07일,4,0,참석,"12,774,116",-,500,"6,387,058",-,2020년 09월 23일,2,-,2020년 01월 01일,-,2020년 10월 15일,브릿지바이오
2.0181E+13,K,610490,비디아이,2018년 10월 11일,1,-,참석,"2,640,250",-,500,"5,280,500",-,2018년 10월 26일,0.5,-,2018년 01월 01일,2018년 11월 15일,2018년 11월 16일,비디아이
2.01901E+13,K,154718,비츠로셀,2019년 01월 16일,1,1,참석,"1,948,721",-,500,"19,590,431",-,2019년 02월 01일,0.1,-,2019년 01월 01일,2019년 02월 21일,2019년 02월 22일,비츠로셀
2.01603E+13,K,154718,비츠로셀,2016년 03월 02일,3,-,참석,"1,349,185",-,500,"13,492,533",-,2016년 03월 21일,0.1,-,2015년 07월 01일,2016년 04월 12일,2016년 04월 14일,비츠로셀
2.02302E+13,K,359261,빛샘전자,2023년 02월 28일,-,-,참석,"1,821,751",-,500,"6,230,859",-,2023년 03월 15일,0.3,-,2023년 01월 01일,-,2023년 04월 04일,빛샘전자
2.01502E+13,K,129615,상보,2015년 02월 04일,-,1,불참,"7,215,862",-,500,"14,431,725",-,2015년 02월 23일,0.5075544,-,2015년 01월 01일,2015년 03월 16일,2015년 03월 17일,상보
2.01811E+13,K,760999,상신전자,2018년 11월 01일,1,-,불참,"4,058,668",-,500,"4,058,668",-,2018년 11월 19일,1,-,2018년 01월 01일,2018년 12월 03일,2018년 12월 04일,상신전자
2.0191E+13,K,760999,상신전자,2019년 10월 07일,1,-,불참,"4,747,435",-,500,"9,497,283",-,2019년 10월 23일,0.5,-,2019년 01월 01일,-,2019년 11월 13일,상신전자
2.0181E+13,K,869272,서전기전,2018년 10월 10일,1,0,참석,"4,849,390",-,500,"4,849,390",-,2018년 10월 25일,1,-,2018년 01월 01일,2018년 11월 15일,2018년 11월 16일,서전기전
2.01811E+13,K,1063954,수젠텍,2018년 11월 23일,1,-,참석,"5,713,003","148,514",500,"5,713,003","148,514",2018년 12월 10일,1,1,2018년 01월 01일,2019년 01월 07일,2019년 01월 08일,수젠텍
2.02302E+13,K,203023,시노펙스,2023년 02월 10일,1,0,참석,"1,717,593",-,500,"75,407,905",-,2023년 03월 01일,0.023,-,2023년 01월 01일,-,2023년 03월 23일,시노펙스
2.02312E+13,K,203023,시노펙스,2023년 12월 08일,1,0,참석,"3,955,607",-,500,"79,862,329",-,2023년 12월 29일,0.05,-,2023년 01월 01일,-,2024년 01월 25일,시노펙스
2.02209E+13,K,1046391,싸이토젠,2022년 09월 14일,2,-,참석,"11,799,322",-,500,"5,959,661",-,2022년 09월 29일,2,-,2022년 01월 01일,-,2022년 10월 19일,싸이토젠
2.01603E+13,K,681249,씨유메디칼,2016년 03월 28일,-,1,참석,"6,553,229",-,500,"6,653,229",-,2016년 04월 14일,1,-,2016년 01월 01일,2016년 05월 09일,2016년 05월 10일,씨유메디칼
2.02104E+13,K,788773,씨젠,2021년 04월 08일,2,-,참석,"25,991,974",-,500,"26,234,020",-,2021년 04월 26일,1,-,2021년 01월 01일,-,2021년 05월 20일,씨젠
2.02104E+13,K,1144028,씨티케이,2021년 03월 10일,1,-,참석,"9,219,440",-,500,"10,122,151",-,2021년 03월 26일,1,-,2021년 01월 01일,-,2021년 04월 23일,씨티케이
2.01508E+13,K,550994,아이센스,2015년 08월 24일,1,-,참석,"4,549,599",-,500,"9,099,289",-,2015년 09월 08일,0.5,-,2015년 01월 01일,2015년 10월 01일,2015년 10월 02일,아이센스
2.02302E+13,K,550994,아이센스,2023년 02월 28일,2,0,참석,"13,731,535",-,500,"13,753,738",-,2023년 03월 15일,1,-,2023년 01월 01일,-,2023년 04월 10일,아이센스
2.02208E+13,K,615723,아이윈플러스,2022년 08월 18일,1,-,참석,"35,240,199","47,139",100,"118,636,752","157,130",2022년 09월 02일,0.3,0.3,2022년 01월 01일,-,2022년 09월 23일,아이윈플러스
2.02302E+13,K,1265251,압타머사이언스,2023년 02월 14일,2,-,참석,"8,490,126","460,000",500,"8,490,126","460,000",2023년 03월 02일,1,1,2023년 01월 01일,-,2023년 03월 27일,압타머사이언스
2.02108E+13,K,1251595,압타바이오,2021년 08월 09일,1,-,참석,"11,095,233",-,500,"11,095,233",-,2021년 08월 25일,1,-,2021년 01월 01일,-,2021년 09월 13일,압타바이오
2.01905E+13,K,1141942,액트로,2019년 05월 23일,-,-,불참,"4,930,377",-,500,"5,083,634",-,2019년 06월 07일,1,-,2019년 01월 01일,2019년 06월 24일,2019년 06월 25일,액트로
2.02302E+13,K,971090,어스앤에어로스페이스,2023년 02월 14일,2,-,참석,"8,391,544",-,500,"2,102,547",-,2023년 03월 02일,4,-,2023년 01월 01일,-,2023년 03월 20일,어스앤에어로스페이스
2.02007E+13,K,1073678,얼라인드,2020년 07월 06일,1,-,불참,"3,594,724",-,500,"3,594,724",-,2020년 07월 21일,1,-,2020년 01월 01일,-,2020년 08월 10일,얼라인드
2.0231E+13,K,1073678,얼라인드,2023년 10월 23일,1,-,불참,"7,189,448",-,500,"7,189,448",-,2023년 11월 08일,1,-,2023년 01월 01일,-,2023년 11월 24일,얼라인드
2.01706E+13,K,358271,에스에프에이,2017년 05월 29일,2,-,참석,"17,954,380",-,500,"17,954,380",-,2017년 06월 15일,1,-,2017년 01월 01일,2017년 07월 10일,2017년 07월 11일,에스에프에이
2.02105E+13,K,140858,와이엠,2021년 05월 20일,2,-,참석,"6,341,484",-,500,"12,832,968",-,2021년 06월 04일,0.5,-,2021년 01월 01일,-,2021년 06월 18일,와이엠
2.01907E+13,K,1065013,우정바이오,2019년 05월 13일,0,1,불참,"4,862,902",-,500,"5,021,942",-,2019년 07월 31일,1,-,2019년 01월 01일,2019년 08월 13일,2019년 08월 14일,우정바이오
2.01708E+13,K,300557,위니아,2017년 08월 07일,3,-,참석,"11,855,765",-,500,"24,111,530",-,2017년 08월 23일,0.5,-,2017년 01월 01일,2017년 09월 11일,2017년 09월 12일,위니아
2.02104E+13,K,925587,위드텍,2021년 04월 26일,1,0,참석,"5,091,800",-,500,"5,091,800",-,2021년 05월 12일,1,-,2021년 01월 01일,-,2021년 06월 01일,위드텍
2.02108E+13,K,1237540,이녹스첨단소재,2021년 08월 17일,1,-,참석,"9,820,829",-,500,"9,820,829",-,2021년 09월 02일,1,-,2021년 01월 01일,-,2021년 09월 24일,이녹스첨단소재
2.02206E+13,K,1013694,인카금융서비스,2022년 06월 08일,2,-,참석,"5,137,980",-,500,"5,137,980",-,2022년 06월 23일,1,-,2022년 01월 01일,-,2022년 07월 13일,인카금융서비스
2.02002E+13,K,799539,제노레이,2020년 02월 05일,-,-,참석,"9,633,482",-,500,"4,920,362",-,2020년 02월 24일,2,-,2020년 01월 01일,-,2020년 03월 17일,제노레이
2.01803E+13,K,983916,제노포커스,2018년 03월 05일,-,-,참석,"10,877,447",-,500,"9,086,753","1,790,694",2018년 03월 20일,1,1,2018년 01월 01일,2018년 03월 29일,2018년 03월 30일,제노포커스
2.02305E+13,K,1367586,제이아이테크,2023년 05월 08일,2,-,참석,"24,588,558",-,100,"8,196,186",-,2023년 05월 23일,3,-,2023년 01월 01일,-,2023년 06월 12일,제이아이테크
2.02206E+13,K,1494154,지니너스,2022년 06월 29일,1,-,참석,"21,738,630",-,500,"10,869,315",-,2022년 07월 14일,2,-,2022년 01월 01일,-,2022년 07월 29일,지니너스
2.02108E+13,K,304076,케이엔솔,2021년 08월 11일,1,0,참석,"8,505,664",-,500,"4,294,143",-,2021년 08월 27일,2,-,2021년 01월 01일,-,2021년 09월 14일,케이엔솔
2.02309E+13,K,601988,코난테크놀로지,2023년 09월 21일,1,-,참석,"5,708,444",-,500,"5,708,444",-,2023년 10월 12일,1,-,2023년 01월 01일,-,2023년 10월 31일,코난테크놀로지
2.01805E+13,K,365934,코세스,2018년 05월 14일,1,-,참석,"8,425,848",-,500,"8,426,114",-,2018년 05월 29일,1,-,2018년 01월 01일,2018년 06월 14일,2018년 06월 15일,코세스
2.01512E+13,K,1032404,콜마비앤에이치,2015년 12월 10일,2,-,불참,"14,770,696",-,500,"14,772,862",-,2016년 01월 18일,1,-,2016년 01월 01일,2016년 02월 11일,2016년 02월 12일,콜마비앤에이치
2.02001E+13,K,535375,키네마스터,2020년 01월 07일,0,1,불참,"6,529,396",-,500,"7,016,911",-,2020년 01월 22일,1,-,2020년 01월 01일,-,2020년 02월 21일,키네마스터
2.02207E+13,K,535676,테크윙,2022년 07월 13일,1,0,참석,"18,439,641",-,500,"18,439,641",-,2022년 08월 02일,1,-,2022년 01월 01일,-,2022년 08월 23일,테크윙
2.02202E+13,K,238153,파세코,2022년 02월 15일,1,2,참석,"6,000,000",-,500,"14,000,000",-,2022년 03월 02일,0.429165946,-,2022년 01월 01일,-,2022년 03월 24일,파세코
2.01906E+13,K,165103,푸드웰,2019년 06월 12일,1,1,참석,"2,000,000",-,500,"8,000,000",-,2019년 07월 01일,0.25,-,2019년 01월 01일,2019년 07월 22일,2019년 07월 23일,푸드웰
2.0161E+13,K,155452,풍국주정,2016년 10월 26일,-,1,참석,"4,200,000",-,500,"8,400,000",-,2016년 11월 10일,0.5,-,2016년 01월 01일,2016년 12월 08일,2016년 12월 09일,풍국주정
2.02312E+13,K,297934,피씨디렉트,2023년 12월 06일,-,1,참석,"7,670,036",-,500,"7,670,036",-,2023년 12월 21일,1,-,2023년 01월 01일,-,2024년 01월 12일,피씨디렉트
2.01805E+13,K,938721,필옵틱스,2018년 05월 11일,2,-,참석,"11,405,198",-,500,"5,867,200",-,2018년 05월 31일,2,-,2018년 01월 01일,2018년 06월 15일,2018년 06월 18일,필옵틱스
2.02103E+13,K,601191,하나기술,2021년 03월 05일,3,-,참석,"3,516,971",-,500,"3,762,726",-,2021년 03월 23일,1,-,2021년 01월 01일,-,2021년 04월 13일,하나기술
2.01702E+13,K,542898,하이소닉,2017년 02월 28일,2,0,불참,"13,683,699",-,500,"13,784,023",-,2017년 03월 16일,1,-,2017년 01월 01일,2017년 04월 06일,2017년 04월 07일,하이소닉
2.01702E+13,N,607797,엄지하우스,2017년 02월 23일,-,-,참석,"1,200,000",-,500,"3,000,000",-,2017년 03월 14일,0.4,-,2017년 01월 01일,2017년 04월 04일,2017년 04월 05일,엄지하우스
2.02401E+13,N,1264234,엘에이티,2024년 01월 10일,1,-,불참,"3,410,067",-,500,"3,410,067",-,2024년 01월 26일,1,-,2024년 01월 01일,-,2024년 02월 15일,엘에이티
2.01908E+13,N,1264234,엘에이티,2019년 08월 08일,-,-,불참,"1,125,740","303,030",500,"1,125,740","303,030",2019년 08월 26일,1,1,2019년 01월 01일,2019년 09월 09일,2019년 09월 10일,엘에이티
2.02403E+13,Y,648721,SNT에너지,2024년 03월 29일,1,-,참석,"13,174,072",-,500,"7,506,711",-,2024년 04월 17일,2,-,2024년 01월 01일,-,2024년 05월 17일,SNT에너지
2.01904E+13,Y,415646,드림텍,2019년 04월 29일,3,-,참석,"28,635,350",-,100,"28,695,850",-,2019년 05월 15일,1,-,2019년 01월 01일,2019년 05월 31일,2019년 06월 03일,드림텍
2.02107E+13,Y,585219,세원이앤씨,2021년 07월 01일,0,2,참석,"71,458,981",-,500,"71,461,119",-,2021년 07월 16일,1,-,2021년 01월 01일,-,2021년 08월 05일,세원이앤씨
2.02009E+13,Y,415628,세진중공업,2020년 09월 25일,1,-,참석,"18,476,736",-,500,"38,372,720",-,2020년 11월 02일,0.5,-,2020년 01월 01일,-,2020년 11월 23일,세진중공업
2.01506E+13,Y,564562,엠씨넥스,2015년 06월 15일,-,1,참석,"2,978,739",-,500,"6,019,479",-,2015년 06월 30일,0.5,-,2015년 01월 01일,2015년 07월 16일,2015년 07월 17일,엠씨넥스
2.0181E+13,Y,564562,엠씨넥스,2018년 10월 10일,1,0,참석,"4,598,195","1,020,051",500,"9,196,390","2,040,103",2018년 10월 26일,0.5,0.5,2018년 01월 01일,2018년 11월 19일,2018년 11월 20일,엠씨넥스
2.02104E+13,Y,303217,우진플라임,2021년 04월 08일,0,1,참석,"10,000,000",-,500,"10,000,000",-,2021년 04월 23일,1,-,2021년 01월 01일,-,2021년 05월 14일,우진플라임
2.01712E+13,Y,136776,제이준코스메틱,2017년 10월 11일,3,0,참석,"13,088,346",-,500,"13,393,124",-,2017년 12월 06일,1,-,2017년 01월 01일,2017년 12월 18일,2017년 12월 19일,제이준코스메틱
2.02311E+13,Y,203290,콜마홀딩스,2023년 10월 05일,3,-,참석,"18,384,760",-,500,"18,384,760",-,2023년 10월 20일,1,-,2023년 01월 01일,-,2023년 11월 09일,콜마홀딩스
2.01611E+13,Y,816544,토니모리,2016년 11월 03일,3,-,-,"5,880,000",-,200,"11,760,000",-,2016년 11월 21일,0.5,-,2016년 01월 01일,2016년 12월 08일,2016년 12월 09일,토니모리
2.02402E+13,Y,155531,풍산홀딩스,2024년 02월 14일,2,0,참석,"4,668,764",-,"5,000","9,748,528",-,2024년 03월 05일,0.5,-,2024년 01월 01일,-,2024년 03월 22일,풍산홀딩스
2.02101E+13,Y,155531,풍산홀딩스,2021년 01월 18일,1,0,참석,"3,245,972",-,"5,000","7,163,556",-,2021년 02월 02일,0.5,-,2021년 01월 01일,-,2021년 02월 18일,풍산홀딩스
2.01704E+13,K,175623,ES큐브,2017년 04월 03일,1,0,참석,"41,621,527",-,500,"41,621,527",-,2017년 04월 18일,1,-,2017년 01월 01일,2017년 05월 15일,2017년 05월 16일,ES큐브
2.02111E+13,K,357740,NHN KCP,2021년 11월 11일,3,-,참석,"11,513,646",-,500,"24,502,769",-,2021년 11월 26일,0.5,-,2021년 01월 01일,-,2021년 12월 20일,NHN KCP
2.01905E+13,K,599151,SV인베스트먼트,2019년 05월 13일,2,-,참석,"26,617,000",-,500,"26,617,000",-,2019년 05월 29일,1,-,2019년 04월 01일,2019년 06월 14일,2019년 06월 15일,SV인베스트먼트
2.02112E+13,K,1136001,나노브릭,2021년 12월 10일,1,0,참석,"11,162,481",-,500,"9,302,068",-,2022년 01월 01일,1.2,-,2022년 01월 01일,-,2022년 01월 20일,나노브릭
2.02107E+13,K,632845,노랑풍선,2021년 07월 07일,1,0,참석,"9,531,300",-,500,"4,765,650",-,2021년 07월 23일,2,-,2021년 01월 01일,-,2021년 08월 17일,노랑풍선
2.01805E+13,K,493510,뉴프렉스,2018년 05월 23일,1,0,참석,"7,052,013",-,500,"14,104,026",-,2018년 06월 11일,0.5,-,2018년 01월 01일,2018년 06월 29일,2018년 07월 02일,뉴프렉스
2.01705E+13,K,1061558,덕산네오룩스,2017년 05월 29일,1,-,참석,"12,002,242",-,200,"12,007,770",-,2017년 06월 19일,1,-,2017년 01월 01일,2017년 07월 06일,2017년 07월 07일,덕산네오룩스
2.0211E+13,K,118284,동일금속,2021년 10월 20일,3,-,참석,"2,100,000",-,500,"7,000,000",-,2021년 11월 05일,0.3301887,-,2021년 01월 01일,-,2021년 11월 29일,동일금속
2.01612E+13,K,267854,메디앙스,2016년 12월 16일,1,-,참석,"400,000",-,500,"11,000,000",-,2017년 01월 01일,0.0371205,-,2017년 01월 01일,2017년 01월 25일,2017년 01월 26일,메디앙스
2.01712E+13,K,267854,메디앙스,2017년 12월 15일,1,-,참석,"400,000",-,500,"11,400,000",-,2018년 01월 01일,0.0358125,-,2018년 01월 01일,2018년 01월 25일,2018년 01월 26일,메디앙스
2.01512E+13,K,267854,메디앙스,2015년 12월 16일,1,-,참석,"200,000",-,500,"10,800,000",-,2016년 01월 01일,0.0185559,-,2016년 01월 01일,2016년 01월 28일,2016년 01월 29일,메디앙스
2.02205E+13,K,876908,모트렉스,2022년 05월 17일,1,0,참석,"16,285,688",-,500,"8,209,812",-,2022년 06월 03일,2,-,2022년 01월 01일,-,2022년 06월 27일,모트렉스
2.02012E+13,K,1335851,박셀바이오,2020년 12월 14일,1,-,불참,"7,523,000",-,500,"7,523,000",-,2021년 01월 04일,1,-,2021년 01월 01일,-,2021년 01월 22일,박셀바이오
2.01812E+13,K,693651,비덴트,2018년 12월 21일,2,-,참석,"2,533,956",-,500,"25,339,567",-,2019년 01월 16일,0.1,-,2019년 01월 01일,2019년 01월 31일,2019년 02월 01일,비덴트
2.01511E+13,K,407036,선바이오,2015년 11월 24일,2,0,참석,"3,825,470",-,500,"3,825,470",-,2015년 12월 10일,1,-,2015년 01월 01일,2015년 12월 22일,-,선바이오
2.02012E+13,K,407036,선바이오,2020년 12월 23일,2,-,참석,"3,831,271",-,500,"7,670,540",-,2021년 01월 08일,0.5,-,2021년 01월 01일,-,2021년 01월 29일,선바이오
2.02105E+13,K,243979,수성웹툰,2021년 05월 14일,3,1,참석,"23,087,900",-,500,"23,087,900",-,2021년 06월 02일,1,-,2021년 01월 01일,-,2021년 06월 23일,수성웹툰
2.02108E+13,K,1226410,씨앤씨인터내셔널,2021년 08월 19일,2,-,참석,"3,337,980",-,100,"6,675,961",-,2021년 09월 03일,0.5,-,2021년 01월 01일,-,2021년 09월 29일,씨앤씨인터내셔널
2.01812E+13,K,605328,씨앤지하이테크,2018년 12월 13일,1,-,참석,"4,202,740",-,500,"4,202,740",-,2019년 01월 09일,1,-,2019년 01월 01일,2019년 01월 30일,2019년 01월 31일,씨앤지하이테크
2.02208E+13,K,1213586,아이디피,2022년 08월 29일,1,-,참석,"6,636,863",-,500,"6,636,863",-,2022년 09월 14일,1,-,2022년 01월 01일,-,2022년 09월 30일,아이디피
2.02112E+13,K,365624,아이윈,2021년 12월 17일,2,-,참석,"16,677,159",-,500,"17,358,393",-,2022년 01월 01일,1,-,2022년 01월 01일,-,2022년 01월 20일,아이윈
2.02102E+13,K,1201590,에브리봇,2021년 02월 03일,3,-,참석,"3,921,318",-,500,"1,307,106",-,2021년 02월 18일,3,-,2021년 01월 01일,-,2021년 03월 11일,에브리봇
2.02208E+13,K,1201590,에브리봇,2022년 08월 23일,1,-,참석,"6,095,671",-,500,"6,095,671",-,2022년 09월 07일,1,-,2022년 01월 01일,-,2022년 09월 27일,에브리봇
2.01908E+13,K,612188,에스티오,2019년 08월 28일,1,-,참석,"4,045,832",-,500,"8,455,144",-,2019년 09월 30일,0.5,-,2019년 01월 01일,2019년 10월 18일,2019년 10월 18일,에스티오
2.01903E+13,K,527464,에이치시티,2019년 03월 08일,2,0,참석,"2,289,717",-,500,"4,579,934",-,2019년 03월 25일,0.5,-,2019년 01월 01일,2019년 04월 11일,2019년 04월 12일,에이치시티
2.02402E+13,K,1068737,에이치피오,2024년 02월 21일,1,1,참석,"20,337,240",-,500,"21,149,725",-,2024년 03월 07일,1,-,2024년 01월 01일,-,2024년 03월 29일,에이치피오
2.01802E+13,K,1029394,에코마케팅,2018년 02월 12일,3,-,참석,"8,070,366",-,100,"8,128,571",-,2018년 02월 26일,1,-,2018년 01월 01일,2018년 03월 15일,2018년 03월 16일,에코마케팅
2.02008E+13,K,1029394,에코마케팅,2020년 08월 06일,1,-,참석,"16,198,937",-,100,"16,198,937",-,2020년 08월 21일,1,-,2020년 01월 01일,-,2020년 09월 10일,에코마케팅
2.01705E+13,K,562360,에코볼트,2017년 05월 16일,-,1,불참,"59,984,912",-,200,"60,796,977",-,2017년 05월 31일,1,-,2017년 01월 01일,2017년 06월 26일,2017년 06월 27일,에코볼트
2.02009E+13,K,1181515,엘앤씨바이오,2020년 09월 22일,1,-,불참,"14,584,672",-,500,"7,292,336",-,2020년 10월 13일,2,-,2020년 01월 01일,-,2020년 11월 03일,엘앤씨바이오
2.02201E+13,K,396925,엠로,2022년 01월 03일,2,-,불참,"5,426,060",-,500,"5,426,060",-,2022년 01월 18일,1,-,2022년 01월 01일,-,2022년 02월 09일,엠로
2.02105E+13,K,659976,영화테크,2021년 05월 20일,1,-,참석,"5,345,090",-,500,"5,345,090",-,2021년 06월 04일,1,-,2021년 01월 01일,-,2021년 06월 24일,영화테크
2.01511E+13,K,296005,우리로,2015년 11월 23일,-,1,참석,"6,940,000",-,500,"6,940,000",-,2015년 11월 25일,1.0652512,-,2015년 01월 01일,2015년 12월 28일,2015년 12월 29일,우리로
2.01909E+13,K,1020843,원익피앤이,2019년 09월 09일,1,-,참석,"4,900,000",-,500,"4,900,000",-,2019년 09월 24일,1,-,2019년 01월 01일,2019년 10월 14일,2019년 10월 14일,원익피앤이
2.02109E+13,K,444329,위메이드,2021년 08월 30일,1,0,참석,"16,457,434",-,500,"16,800,000",-,2021년 09월 14일,1,-,2021년 01월 01일,-,2021년 10월 06일,위메이드
2.02106E+13,K,264228,위즈코프,2021년 06월 17일,2,0,불참,"18,450,138",-,500,"40,588,035",-,2021년 07월 02일,0.5,-,2021년 01월 01일,-,2021년 07월 21일,위즈코프
2.02012E+13,K,264228,위즈코프,2020년 12월 14일,2,0,불참,"1,757,263",-,500,"38,830,772",-,2021년 01월 01일,0.05,-,2021년 01월 01일,-,2021년 01월 22일,위즈코프
2.02112E+13,K,264228,위즈코프,2021년 12월 15일,2,0,불참,"2,993,025",-,500,"63,553,440",-,2022년 01월 01일,0.05,-,2022년 01월 01일,-,2022년 01월 20일,위즈코프
2.01812E+13,K,264228,위즈코프,2018년 12월 11일,2,0,불참,"1,673,700",-,500,"37,157,072",-,2019년 01월 01일,0.05,-,2019년 01월 01일,2019년 01월 22일,2019년 01월 23일,위즈코프
2.01612E+13,K,260569,유니셈,2016년 12월 06일,-,-,불참,"14,893,360",-,500,"15,770,863",-,2016년 12월 21일,1,-,2016년 01월 01일,2017년 01월 10일,2017년 01월 11일,유니셈
2.02108E+13,K,533924,이브이첨단소재,2021년 08월 09일,2,0,불참,"23,397,131",-,500,"23,397,131",-,2021년 08월 26일,1,-,2021년 01월 01일,-,2021년 09월 15일,이브이첨단소재
2.02002E+13,K,400060,이씨에스,2020년 02월 17일,-,-,참석,"6,147,000",-,500,"6,147,000",-,2020년 03월 04일,1,-,2019년 04월 01일,-,2020년 03월 25일,이씨에스
2.02103E+13,K,374020,이엘피,2021년 03월 11일,1,-,참석,"4,414,630",-,500,"4,910,500",-,2021년 03월 26일,1,-,2021년 01월 01일,-,2021년 04월 14일,이엘피
2.01909E+13,K,818472,이큐셀,2019년 08월 23일,1,1,불참,"14,868,383",-,500,"15,267,820",1,2019년 09월 09일,1,-,2019년 01월 01일,2019년 09월 30일,2019년 10월 01일,이큐셀
2.01606E+13,K,818472,이큐셀,2016년 06월 14일,2,0,참석,"3,615,296","164,322",500,"7,230,593","328,645",2016년 06월 29일,0.5,0.5,2016년 01월 01일,2016년 07월 21일,2016년 07월 22일,이큐셀
2.01711E+13,K,475976,인콘,2017년 11월 17일,-,-,-,"18,860,589",-,500,"6,394,863",-,2017년 12월 02일,3,-,2017년 01월 01일,2017년 12월 27일,2017년 12월 28일,인콘
2.02101E+13,K,408956,제넨바이오,2021년 01월 05일,1,2,불참,"52,797,582",-,100,"105,682,319",-,2021년 01월 20일,0.5,-,2021년 01월 01일,-,2021년 02월 10일,제넨바이오
2.02304E+13,K,1062177,제놀루션,2023년 04월 17일,1,1,불참,"9,266,514",-,500,"9,923,507",-,2023년 04월 20일,1,-,2023년 01월 01일,-,2023년 05월 15일,제놀루션
2.02103E+13,K,1062177,제놀루션,2021년 03월 22일,2,-,참석,"4,783,590",-,500,"4,783,590",-,2021년 04월 09일,1,-,2021년 01월 01일,-,2021년 04월 29일,제놀루션
2.02103E+13,K,185505,제일바이오,2021년 03월 17일,1,-,참석,"14,129,064",-,500,"15,000,000",-,2021년 04월 02일,1,-,2021년 01월 01일,-,2021년 04월 19일,제일바이오
2.01904E+13,K,226352,케이엠더블유,2019년 04월 23일,2,-,참석,"18,810,000",-,500,"18,810,000",-,2019년 05월 13일,1,-,2019년 01월 01일,2019년 05월 30일,2019년 05월 31일,케이엠더블유
2.01702E+13,K,656289,코스맥스엔비티,2017년 02월 14일,2,0,참석,"10,314,000",-,500,"10,314,000",-,2017년 03월 02일,1,-,2017년 01월 01일,2017년 03월 24일,2017년 03월 27일,코스맥스엔비티
2.02204E+13,K,766106,트루윈,2022년 03월 24일,1,-,참석,"21,727,215",-,500,"21,727,215",-,2022년 04월 08일,1,-,2022년 01월 01일,-,2022년 05월 03일,트루윈
2.02203E+13,K,1109937,티앤알바이오팹,2022년 03월 22일,1,-,참석,"10,365,392","199,227",500,"10,365,392","199,227",2022년 04월 06일,1,1,2022년 01월 01일,-,2022년 04월 26일,티앤알바이오팹
2.02106E+13,K,608440,티앤엘,2021년 06월 21일,1,-,참석,"4,064,000",-,500,"4,064,000",-,2021년 07월 06일,1,-,2021년 01월 01일,-,2021년 07월 26일,티앤엘
2.01708E+13,K,105138,파라텍,2017년 08월 22일,1,-,참석,"5,383,457",-,500,"11,288,163",-,2017년 09월 06일,0.5,-,2017년 01월 01일,2017년 09월 27일,2017년 09월 28일,파라텍
2.01612E+13,K,429694,파버나인,2016년 12월 21일,1,1,참석,"5,355,636",-,500,"5,355,636",-,2017년 01월 05일,1,-,2017년 01월 01일,2017년 01월 26일,2017년 01월 31일,파버나인
2.02212E+13,K,1259311,푸드나무,2022년 12월 07일,1,-,불참,"6,597,024",-,500,"6,806,034",-,2023년 01월 02일,1,-,2023년 01월 01일,-,2023년 01월 27일,푸드나무
2.02309E+13,K,1488320,필에너지,2023년 09월 13일,2,-,참석,"10,604,441",-,500,"10,604,441",-,2023년 10월 04일,1,-,2023년 01월 01일,-,2023년 10월 23일,필에너지
2.02308E+13,K,1405390,핌스,2023년 08월 04일,2,-,참석,"15,238,028",-,500,"7,619,014",-,2023년 08월 21일,2,-,2023년 01월 01일,-,2023년 09월 12일,핌스
2.02004E+13,K,359395,헬릭스미스,2020년 04월 08일,-,-,-,"5,350,626",-,500,"21,415,088",-,2020년 04월 23일,0.25,-,2020년 01월 01일,-,2020년 05월 15일,헬릭스미스
2.02112E+13,K,359395,헬릭스미스,2021년 12월 12일,3,-,-,"3,423,612",-,500,"34,265,714",-,2022년 01월 01일,0.1,-,2022년 01월 01일,-,2022년 01월 21일,헬릭스미스
2.02303E+13,K,1042979,휴마시스,2023년 03월 10일,2,0,불참,"95,464,674",-,100,"33,910,335",-,2023년 03월 27일,3,-,2023년 01월 01일,-,2023년 04월 14일,휴마시스
2.02006E+13,K,888347,휴젤,2020년 06월 23일,2,0,참석,"8,350,370",-,500,"4,319,765",-,2020년 07월 09일,2,-,2020년 01월 01일,-,2020년 07월 31일,휴젤
2.02307E+13,N,1221752,지에프씨생명과학,2023년 07월 07일,2,-,참석,"2,048,052","721,798",500,"1,036,526","360,899",2023년 07월 25일,2,2,2023년 01월 01일,-,2023년 08월 14일,지에프씨생명과학
2.02106E+13,N,1336735,펨토바이오메드,2021년 06월 25일,1,-,참석,"2,795,707","207,612",500,"5,591,415","415,224",2021년 07월 23일,0.5,0.5,2021년 01월 01일,-,2021년 08월 11일,펨토바이오메드
